행정동_코드,행정동_코드_명,당월_매출_금액,시간대_06~11_매출_금액,시간대_11~14_매출_금액,시간대_17~21_매출_금액,아침_비중,점심_비중,저녁_비중,컨셉_적합도,분기초_매출,점포_수,자치구_코드,성장률,카페1개당_평균매출_억원
11110515,청운효자동,4724282512,457073861,1568177169,839948375,9.7,33.2,17.8,60.7,4535266422,118,11110,4.2,0.4
11110530,사직동,12509194587,1695888917,4823135031,2077846834,13.6,38.6,16.6,68.8,9462371274,176,11110,32.2,0.71
11110540,삼청동,7808131897,617750071,2814900394,1344871409,7.9,36.1,17.2,61.2,5548781022,84,11110,40.7,0.93
11110550,부암동,647291074,52790806,206577284,89481783,8.2,31.9,13.8,53.9,481061229,39,11110,34.6,0.17
11110560,평창동,339155491,11527193,116423986,112867342,3.4,34.3,33.3,71.0,241758461,26,11110,40.3,0.13
11110570,무악동,63587754,12307677,20335654,8416615,19.4,32.0,13.2,64.6,54907598,7,11110,15.8,0.09
11110580,교남동,112411556,43397904,48484389,1986853,38.6,43.1,1.8,83.5,138569813,14,11110,-18.9,0.08
11110600,가회동,6212643796,821005930,2135115698,947045112,13.2,34.4,15.2,62.8,4495728193,82,11110,38.2,0.76
11110615,종로1·2·3·4가동,24085303492,2902660110,9027872747,4864778753,12.1,37.5,20.2,69.8,20926268155,378,11110,15.1,0.64
11110630,종로5·6가동,2569709953,521888634,1127095197,318597200,20.3,43.9,12.4,76.6,2657462632,86,11110,-3.3,0.3
11110640,이화동,5063785007,442162904,1411963323,1542482752,8.7,27.9,30.5,67.1,3734865203,84,11110,35.6,0.6
11110650,혜화동,4860583565,202444276,1400341678,1488034142,4.2,28.8,30.6,63.6,4222705626,105,11110,15.1,0.46
11110670,창신1동,625702518,91413994,171890400,150544375,14.6,27.5,24.1,66.2,594817901,24,11110,5.2,0.26
11110680,창신2동,116182787,19604065,33398244,27605811,16.9,28.7,23.8,69.4,113349245,14,11110,2.5,0.08
11110690,창신3동,45605567,8517591,16419674,5738445,18.7,36.0,12.6,67.3,43715698,6,11110,4.3,0.08
11110700,숭인1동,36619112,6068511,10839341,6420955,16.6,29.6,17.5,63.7,33191563,6,11110,10.3,0.06
11110710,숭인2동,345717244,61998149,129107450,63756154,17.9,37.3,18.4,73.6,356058128,17,11110,-2.9,0.2
11140520,소공동,19985794489,4425378394,9004101652,1535467041,22.1,45.1,7.7,74.9,18240423734,124,11140,9.6,1.61
11140540,회현동,8886575853,1882040810,4340824247,737029678,21.2,48.8,8.3,78.3,8412495510,106,11140,5.6,0.84
11140550,명동,20869742444,3635115214,8483147950,3308246451,17.4,40.6,15.9,73.9,22027614021,219,11140,-5.3,0.95
11140570,필동,3998462004,647326546,1863704448,562217041,16.2,46.6,14.1,76.9,3416449852,83,11140,17.0,0.48
11140580,장충동,1941442285,89419076,224155470,688268986,4.6,11.5,35.5,51.6,530028169,23,11140,266.3,0.84
11140590,광희동,3034736448,403626219,1113800826,562508666,13.3,36.7,18.5,68.5,2892728930,116,11140,4.9,0.26
11140605,을지로동,5577810213,828972582,2055267543,1231203793,14.9,36.8,22.1,73.8,5273432533,124,11140,5.8,0.45
11140615,신당동,1016649345,200837009,260893363,186551568,19.8,25.7,18.3,63.8,861642568,48,11140,18.0,0.21
11140625,다산동,259147452,37875067,91382458,61273020,14.6,35.3,23.6,73.5,285143721,42,11140,-9.1,0.06
11140635,약수동,366121614,38295835,142231872,79329042,10.5,38.8,21.7,71.0,328847677,21,11140,11.3,0.17
11140645,청구동,350136681,35245087,114859474,79718962,10.1,32.8,22.8,65.7,261745822,11,11140,33.8,0.32
11140650,신당5동,87657196,13363729,20742440,23379116,15.2,23.7,26.7,65.6,80925559,16,11140,8.3,0.05
11140665,동화동,217906747,26096901,68878583,55926417,12.0,31.6,25.7,69.3,166041785,21,11140,31.2,0.1
11140670,황학동,1045743574,212573803,317854168,226513669,20.3,30.4,21.7,72.4,655710190,24,11140,59.5,0.44
11140680,중림동,797434025,134699775,408655998,96216806,16.9,51.2,12.1,80.2,682432124,34,11140,16.9,0.23
11170510,후암동,871129126,99424952,433486045,118971080,11.4,49.8,13.7,74.9,874253116,61,11170,-0.4,0.14
11170520,용산2가동,1246789178,28150580,230746567,435041827,2.3,18.5,34.9,55.7,1014272599,76,11170,22.9,0.16
11170530,남영동,4411048423,550150144,1479239129,948892907,12.5,33.5,21.5,67.5,3798302443,72,11170,16.1,0.61
11170555,청파동,2833570000,421918493,1008204674,598599335,14.9,35.6,21.1,71.6,1691653029,78,11170,67.5,0.36
11170560,원효로1동,951474325,175448021,424360777,127764899,18.4,44.6,13.4,76.4,958083538,55,11170,-0.7,0.17
11170570,원효로2동,434625080,105508905,184119274,49549878,24.3,42.4,11.4,78.1,279031260,11,11170,55.8,0.4
11170580,효창동,373127694,82989331,119730607,57978320,22.2,32.1,15.5,69.8,388096992,23,11170,-3.9,0.16
11170590,용문동,190319339,28036961,70457552,36844475,14.7,37.0,19.4,71.1,95796796,15,11170,98.7,0.13
11170625,한강로동,5004165962,866209339,2139364128,674716588,17.3,42.8,13.5,73.6,5372479018,241,11170,-6.9,0.21
11170630,이촌1동,461123036,87250003,172822558,48824297,18.9,37.5,10.6,67.0,591771883,11,11170,-22.1,0.42
11170640,이촌2동,68417998,11904783,21576029,8849897,17.4,31.5,12.9,61.8,37478741,5,11170,82.6,0.14
11170650,이태원1동,2957089135,229438809,992212648,649164360,7.8,33.6,22.0,63.4,2792637945,58,11170,5.9,0.51
11170660,이태원2동,1118930068,160679983,409809810,189421738,14.4,36.6,16.9,67.9,896848361,61,11170,24.8,0.18
11170685,한남동,2824429864,360549076,887965567,608033921,12.8,31.4,21.5,65.7,3285402343,136,11170,-14.0,0.21
11170690,서빙고동,10278578,316934,5053122,1531189,3.1,49.2,14.9,67.2,24605553,23,11170,-58.2,0.0
11170700,보광동,137931201,13865788,55232417,25822042,10.1,40.0,18.7,68.8,160036089,10,11170,-13.8,0.14
11200520,왕십리2동,109829539,12042748,36666886,22120036,11.0,33.4,20.1,64.5,94938117,16,11200,15.7,0.07
11200535,왕십리도선동,585266283,64924660,197485279,148088201,11.1,33.7,25.3,70.1,566458641,45,11200,3.3,0.13
11200540,마장동,702638667,114249285,243304385,147419886,16.3,34.6,21.0,71.9,566139136,23,11200,24.1,0.31
11200550,사근동,1667337497,217082630,579296761,354134916,13.0,34.7,21.2,68.9,1490619876,58,11200,11.9,0.29
11200560,행당1동,852792041,88413920,292233926,231339861,10.4,34.3,27.1,71.8,868472411,30,11200,-1.8,0.28
11200570,행당2동,7916615,666250,4021994,852407,8.4,50.8,10.8,70.0,7255263,10,11200,9.1,0.01
11200580,응봉동,90873182,17486208,25528360,18825175,19.2,28.1,20.7,68.0,95671758,5,11200,-5.0,0.18
11200590,금호1가동,37522969,3463062,11723292,3903700,9.2,31.2,10.4,50.8,66870715,14,11200,-43.9,0.03
11200615,금호2·3가동,148934196,26175190,49822752,31388863,17.6,33.5,21.1,72.2,159278126,19,11200,-6.5,0.08
11200620,금호4가동,118805490,10736166,37187945,36431797,9.0,31.3,30.7,71.0,123995929,15,11200,-4.2,0.08
11200645,옥수동,274703140,60121717,94314333,49018793,21.9,34.3,17.8,74.0,269147302,18,11200,2.1,0.15
11200650,성수1가1동,919803811,149905840,430168942,105044539,16.3,46.8,11.4,74.5,908437293,57,11200,1.3,0.16
11200660,성수1가2동,5629055591,518307681,2058862536,1141630989,9.2,36.6,20.3,66.1,5711080132,181,11200,-1.4,0.31
11200670,성수2가1동,2973863012,330210680,986775645,623711467,11.1,33.2,21.0,65.3,2781733046,98,11200,6.9,0.3
11200690,성수2가3동,5973450437,1126063729,2189328362,995469371,18.9,36.7,16.7,72.3,4708128537,170,11200,26.9,0.35
11200720,송정동,83062724,11150552,36506475,11174193,13.4,44.0,13.5,70.9,81744415,25,11200,1.6,0.03
11200790,용답동,587323298,94454224,254430857,98286316,16.1,43.3,16.7,76.1,570282700,27,11200,3.0,0.22
11215710,화양동,5898409674,605506282,1403285279,1761625618,10.3,23.8,29.9,64.0,5226485721,147,11215,12.9,0.4
11215730,군자동,1466551217,212111384,458462662,323098616,14.5,31.3,22.0,67.8,1108419690,60,11215,32.3,0.24
11215740,중곡1동,146158533,12542631,45068032,41540755,8.6,30.8,28.4,67.8,213718680,46,11215,-31.6,0.03
11215750,중곡2동,266388259,19735368,69990652,95579337,7.4,26.3,35.9,69.6,331353282,34,11215,-19.6,0.08
11215760,중곡3동,825696935,205777571,289301982,98493453,24.9,35.0,11.9,71.8,701622907,31,11215,17.7,0.27
11215770,중곡4동,1090846927,141978595,350315228,245572423,13.0,32.1,22.5,67.6,938306361,31,11215,16.3,0.35
11215780,능동,921839028,98171415,274247700,238825781,10.6,29.8,25.9,66.3,756441210,25,11215,21.9,0.37
11215810,광장동,2085357764,510459301,830052925,233472822,24.5,39.8,11.2,75.5,1930765379,47,11215,8.0,0.44
11215820,자양1동,430165661,34392275,203562170,64367768,8.0,47.3,15.0,70.3,372483688,45,11215,15.5,0.1
11215830,자양2동,454445509,93349298,139642990,92862533,20.5,30.7,20.4,71.6,436659575,35,11215,4.1,0.13
11215840,자양3동,3494274610,337210528,1086580333,914781004,9.7,31.1,26.2,67.0,3741419642,43,11215,-6.6,0.81
11215847,자양4동,978569977,50467063,170866653,368310589,5.2,17.5,37.6,60.3,882043140,68,11215,10.9,0.14
11215850,구의1동,841270802,125025801,257576375,204350001,14.9,30.6,24.3,69.8,807721689,48,11215,4.2,0.18
11215860,구의2동,514439574,60126382,149945490,135216237,11.7,29.1,26.3,67.1,427037172,38,11215,20.5,0.14
11215870,구의3동,2127150518,338622020,664898648,439105749,15.9,31.3,20.6,67.8,1983570724,52,11215,7.2,0.41
11230536,용신동,1190064756,238281081,480013173,159906242,20.0,40.3,13.4,73.7,1216619642,87,11230,-2.2,0.14
11230545,제기동,403409604,22375832,134386971,104462712,5.5,33.3,25.9,64.7,361465021,73,11230,11.6,0.06
11230560,전농1동,832129394,104881301,296699182,182586970,12.6,35.7,21.9,70.2,722494705,56,11230,15.2,0.15
11230570,전농2동,330037584,57418987,134008921,58624868,17.4,40.6,17.8,75.8,327414447,16,11230,0.8,0.21
11230600,답십리1동,593198676,85608169,167489004,155259617,14.4,28.2,26.2,68.8,597736134,33,11230,-0.8,0.18
11230610,답십리2동,580310804,93464692,223090891,124364579,16.1,38.4,21.4,75.9,553340732,19,11230,4.9,0.31
11230650,장안1동,1151766230,243082264,319675145,220580678,21.1,27.8,19.2,68.1,1118171593,64,11230,3.0,0.18
11230660,장안2동,1137898515,177057017,376726924,250563654,15.6,33.1,22.0,70.7,910176733,48,11230,25.0,0.24
11230705,청량리동,676909066,96699382,245923309,146216047,14.3,36.3,21.6,72.2,642132188,35,11230,5.4,0.19
11230710,회기동,2730282767,348075104,1070819333,573392293,12.7,39.2,21.0,72.9,2721048438,82,11230,0.3,0.33
11230720,휘경1동,511053981,87123003,137469091,122798476,17.0,26.9,24.0,67.9,430673581,23,11230,18.7,0.22
11230730,휘경2동,223511340,25004761,94065229,38484696,11.2,42.1,17.2,70.5,179136469,37,11230,24.8,0.06
11230740,이문1동,3017495249,432165280,914250233,705766419,14.3,30.3,23.4,68.0,2182752688,53,11230,38.2,0.57
11230750,이문2동,21048299,1549877,10692462,3942806,7.4,50.8,18.7,76.9,23914328,14,11230,-12.0,0.02
11260520,면목2동,188553218,33411292,65121139,34076544,17.7,34.5,18.1,70.3,183154737,31,11260,2.9,0.06
11260540,면목4동,242264159,38462360,70943279,54059351,15.9,29.3,22.3,67.5,233780392,19,11260,3.6,0.13
11260565,면목본동,333052873,40851826,95546329,85688820,12.3,28.7,25.7,66.7,323834946,27,11260,2.8,0.12
11260570,면목7동,584232920,83689366,156287069,146509733,14.3,26.8,25.1,66.2,548288308,26,11260,6.6,0.22
11260575,면목3·8동,788712949,141560961,263791851,164709447,17.9,33.4,20.9,72.2,890387830,40,11260,-11.4,0.2
11260580,상봉1동,1014639342,60793751,269743683,306428436,6.0,26.6,30.2,62.8,440699747,26,11260,130.2,0.39
11260590,상봉2동,1059736990,122485869,246596028,309124231,11.6,23.3,29.2,64.1,1032498755,39,11260,2.6,0.27
11260600,중화1동,48879445,10035017,19741494,4948451,20.5,40.4,10.1,71.0,45452262,17,11260,7.5,0.03
11260610,중화2동,141485861,18458688,42751519,16422504,13.0,30.2,11.6,54.8,111269730,31,11260,27.2,0.05
11260620,묵1동,876364776,125976316,249192604,224149605,14.4,28.4,25.6,68.4,796000731,31,11260,10.1,0.28
11260630,묵2동,243176447,41741377,81992340,44541262,17.2,33.7,18.3,69.2,245238493,28,11260,-0.8,0.09
11260655,망우본동,652498484,131766027,208995869,115804235,20.2,32.0,17.7,69.9,547391291,63,11260,19.2,0.1
11260660,망우3동,196963807,35417514,66727083,35594795,18.0,33.9,18.1,70.0,172870705,17,11260,13.9,0.12
11260680,신내1동,1128821457,102405885,332530299,261929892,9.1,29.5,23.2,61.8,984835881,40,11260,14.6,0.28
11260690,신내2동,350399385,67125403,113412951,71780997,19.2,32.4,20.5,72.1,318869214,13,11260,9.9,0.27
11290525,성북동,1414989800,73343318,443160367,230216042,5.2,31.3,16.3,52.8,1040415044,83,11290,36.0,0.17
11290555,삼선동,1115444045,75319984,320494142,336770152,6.8,28.7,30.2,65.7,744711132,76,11290,49.8,0.15
11290575,동선동,8444569220,749003005,1965115928,2867555789,8.9,23.3,34.0,66.2,7102433257,115,11290,18.9,0.73
11290580,돈암1동,250687,0,133700,83562,0.0,53.3,33.3,86.6,12024020,4,11290,-97.9,0.0
11290590,돈암2동,672000000,159412473,208260081,94836874,23.7,31.0,14.1,68.8,672000000,13,11290,0.0,0.52
11290600,안암동,4767973831,817846803,1659305890,955668673,17.2,34.8,20.0,72.0,4107286260,89,11290,16.1,0.54
11290610,보문동,350612183,54436916,122916231,73783433,15.5,35.1,21.0,71.6,344500545,32,11290,1.8,0.11
11290620,정릉1동,90359701,11144724,21876990,27656209,12.3,24.2,30.6,67.1,98997225,14,11290,-8.7,0.06
11290630,정릉2동,338744665,41854893,97746815,94136904,12.4,28.9,27.8,69.1,287070054,22,11290,18.0,0.15
11290640,정릉3동,846142187,167710734,335089367,120910420,19.8,39.6,14.3,73.7,418988568,25,11290,101.9,0.34
11290650,정릉4동,528749582,106408476,194962787,34471297,20.1,36.9,6.5,63.5,350569005,21,11290,50.8,0.25
11290660,길음1동,138154003,18483617,40924906,26484837,13.4,29.6,19.2,62.2,123443808,15,11290,11.9,0.09
11290685,길음2동,522503899,135826268,193823800,44104712,26.0,37.1,8.4,71.5,691085504,33,11290,-24.4,0.16
11290705,종암동,1118767647,151331945,466861343,192905907,13.5,41.7,17.2,72.4,955732186,42,11290,17.1,0.27
11290715,월곡1동,395429665,70870489,180909008,28936182,17.9,45.7,7.3,70.9,375383203,23,11290,5.3,0.17
11290725,월곡2동,947226725,143972612,350875053,175002109,15.2,37.0,18.5,70.7,807160130,39,11290,17.4,0.24
11290760,장위1동,141246496,29028304,42339276,31827996,20.6,30.0,22.5,73.1,148706267,17,11290,-5.0,0.08
11290770,장위2동,112230739,17662626,40363432,18683841,15.7,36.0,16.6,68.3,128122714,13,11290,-12.4,0.09
11290780,장위3동,109644791,18602218,35321525,24070331,17.0,32.2,22.0,71.2,108351798,4,11290,1.2,0.27
11290810,석관동,873154846,87447559,274395888,238141377,10.0,31.4,27.3,68.7,771381323,37,11290,13.2,0.24
11305534,삼양동,37571848,3141679,11222038,10914869,8.4,29.9,29.1,67.4,36647092,14,11305,2.5,0.03
11305535,미아동,683848775,103185159,227470338,160405832,15.1,33.3,23.5,71.9,365244572,37,11305,87.2,0.18
11305545,송중동,1467223952,181613030,337254012,399862445,12.4,23.0,27.3,62.7,1029519820,40,11305,42.5,0.37
11305555,송천동,272548699,38255964,112750079,43354375,14.0,41.4,15.9,71.3,284910675,32,11305,-4.3,0.09
11305575,삼각산동,390952954,54773296,116353501,94178683,14.0,29.8,24.1,67.9,270999861,16,11305,44.3,0.24
11305595,번1동,803763725,89368058,238004058,201349621,11.1,29.6,25.1,65.8,669038686,34,11305,20.1,0.24
11305603,번2동,101824561,13430459,42451128,18282281,13.2,41.7,18.0,72.9,107110234,12,11305,-4.9,0.08
11305608,번3동,225950315,44586534,76541172,42754229,19.7,33.9,18.9,72.5,197044751,16,11305,14.7,0.14
11305615,수유1동,134382961,15697936,46973083,27405834,11.7,35.0,20.4,67.1,132907772,21,11305,1.1,0.06
11305625,수유2동,36954353,3275955,13362481,8675367,8.9,36.2,23.5,68.6,46172513,23,11305,-20.0,0.02
11305635,수유3동,1724750640,200661858,457757853,466589192,11.6,26.5,27.1,65.2,1617729621,68,11305,6.6,0.25
11305645,우이동,1664757535,120269013,611699224,301961065,7.2,36.7,18.1,62.0,1237540843,47,11305,34.5,0.35
11305660,인수동,773534295,83510624,288168416,150523274,10.8,37.3,19.5,67.6,613441488,53,11305,26.1,0.15
11320511,창1동,1024833224,152065493,285406760,272826037,14.8,27.8,26.6,69.2,899418091,23,11320,13.9,0.45
11320512,창2동,114334241,18601780,38950235,23882305,16.3,34.1,20.9,71.3,114148600,23,11320,0.2,0.05
11320513,창3동,104622055,11212343,38186232,17353123,10.7,36.5,16.6,63.8,55211369,25,11320,89.5,0.04
11320514,창4동,510680886,98149891,182046769,95795192,19.2,35.6,18.8,73.6,488145395,20,11320,4.6,0.26
11320515,창5동,938358354,140750371,270593203,232119918,15.0,28.8,24.7,68.5,861733250,26,11320,8.9,0.36
11320521,도봉1동,588648994,77141845,200203356,124606254,13.1,34.0,21.2,68.3,513051666,38,11320,14.7,0.15
11320522,도봉2동,314448227,60672707,151765189,26521689,19.3,48.3,8.4,76.0,294346343,30,11320,6.8,0.1
11320660,쌍문1동,403182815,74666925,151241309,60568672,18.5,37.5,15.0,71.0,314889692,24,11320,28.0,0.17
11320670,쌍문2동,190257359,29763604,76847043,32918041,15.6,40.4,17.3,73.3,207144666,21,11320,-8.2,0.09
11320680,쌍문3동,242194541,36422736,79575560,55809475,15.0,32.9,23.0,70.9,315039230,17,11320,-23.1,0.14
11320681,쌍문4동,149903006,17553157,50879022,30094681,11.7,33.9,20.1,65.7,136373407,9,11320,9.9,0.17
11320690,방학1동,1213397744,175837290,379531220,274849441,14.5,31.3,22.7,68.5,994008018,33,11320,22.1,0.37
11320700,방학2동,258284539,48551594,75741405,53144705,18.8,29.3,20.6,68.7,213523565,17,11320,21.0,0.15
11320710,방학3동,282552356,15200896,96179840,62478096,5.4,34.0,22.1,61.5,253351731,17,11320,11.5,0.17
11350560,월계1동,843781427,118369127,279352571,208120616,14.0,33.1,24.7,71.8,693269337,29,11350,21.7,0.29
11350570,월계2동,88070852,16491834,30739795,18596063,18.7,34.9,21.1,74.7,72491395,15,11350,21.5,0.06
11350580,월계3동,293301519,47252199,147610736,34997738,16.1,50.3,11.9,78.3,177452611,26,11350,65.3,0.11
11350595,공릉1동,2892023891,197313686,813596478,838571266,6.8,28.1,29.0,63.9,1962519254,100,11350,47.4,0.29
11350600,공릉2동,1326049810,204025961,516897448,215112012,15.4,39.0,16.2,70.6,1134164299,69,11350,16.9,0.19
11350611,하계1동,502004340,104240818,169585137,103451445,20.8,33.8,20.6,75.2,454639858,27,11350,10.4,0.19
11350619,중계본동,556206601,83025069,152671075,137119620,14.9,27.4,24.7,67.0,412018426,26,11350,35.0,0.21
11350621,중계1동,287493478,37658066,108257445,52960540,13.1,37.7,18.4,69.2,294101446,12,11350,-2.2,0.24
11350624,중계4동,363139369,56931763,104583512,89678992,15.7,28.8,24.7,69.2,348297764,21,11350,4.3,0.17
11350625,중계2·3동,1112509454,158472147,345761548,210464254,14.2,31.1,18.9,64.2,1049036669,11,11350,6.1,1.01
11350630,상계1동,796775848,133518700,243955823,168931250,16.8,30.6,21.2,68.6,826167723,41,11350,-3.6,0.19
11350640,상계2동,3728743570,483031641,973013795,1049282684,13.0,26.1,28.1,67.2,4146904703,69,11350,-10.1,0.54
11350665,상계3·4동,416053438,74373956,125537478,100595818,17.9,30.2,24.2,72.3,449148952,23,11350,-7.4,0.18
11350670,상계5동,476212617,58554313,145046428,108497094,12.3,30.5,22.8,65.6,421999662,31,11350,12.8,0.15
11350695,상계6·7동,1486539957,207509752,486698609,333755712,14.0,32.7,22.5,69.2,1301302400,29,11350,14.2,0.51
11350700,상계8동,279592172,47743835,80892790,62444405,17.1,28.9,22.3,68.3,337535600,2,11350,-17.2,1.4
11350710,상계9동,257682232,59481800,75585828,47530407,23.1,29.3,18.4,70.8,244146562,4,11350,5.5,0.64
11350720,상계10동,150068297,10192156,16504951,56476678,6.8,11.0,37.6,55.4,147515396,9,11350,1.7,0.17
11380510,녹번동,684338595,125045154,270843491,86387841,18.3,39.6,12.6,70.5,433454120,48,11380,57.9,0.14
11380520,불광1동,736599827,158630320,245613607,125914515,21.5,33.3,17.1,71.9,716280226,29,11380,2.8,0.25
11380530,불광2동,217121287,20021542,50966493,54597109,9.2,23.5,25.1,57.8,177559205,19,11380,22.3,0.11
11380551,갈현1동,436591857,41533944,111978681,127844846,9.5,25.6,29.3,64.4,455098939,38,11380,-4.1,0.11
11380552,갈현2동,939496227,89122499,211117749,292631582,9.5,22.5,31.1,63.1,813075911,44,11380,15.5,0.21
11380560,구산동,496208125,80990537,138764166,117924880,16.3,28.0,23.8,68.1,454353437,25,11380,9.2,0.2
11380570,대조동,1207810894,158276987,358057680,270940778,13.1,29.6,22.4,65.1,1164677394,52,11380,3.7,0.23
11380580,응암1동,366873353,57745735,130289347,66851338,15.7,35.5,18.2,69.4,411206251,43,11380,-10.8,0.09
11380590,응암2동,3984198,0,664033,221344,0.0,16.7,5.6,22.3,2180241,12,11380,82.7,0.0
11380600,응암3동,344779861,45487595,94686810,88603178,13.2,27.5,25.7,66.4,241832295,52,11380,42.6,0.07
11380625,역촌동,490527204,87149550,156564702,99274559,17.8,31.9,20.2,69.9,301619029,69,11380,62.6,0.07
11380631,신사1동,608517431,82011234,151190144,166156687,13.5,24.8,27.3,65.6,670765487,28,11380,-9.3,0.22
11380632,신사2동,133771945,21408724,33065627,26063373,16.0,24.7,19.5,60.2,130981519,15,11380,2.1,0.09
11380640,증산동,465341876,74723209,125297797,116556871,16.1,26.9,25.0,68.0,490406274,19,11380,-5.1,0.24
11380650,수색동,70382037,11591742,21704832,15607522,16.5,30.8,22.2,69.5,41375560,9,11380,70.1,0.08
11380690,진관동,886604113,82834096,359543037,145579855,9.3,40.6,16.4,66.3,826353889,73,11380,7.3,0.12
11410520,천연동,190458446,24857188,75836329,43033690,13.1,39.8,22.6,75.5,171443366,22,11410,11.1,0.09
11410555,북아현동,18133674,1823419,10310178,2089432,10.1,56.9,11.5,78.5,16314380,11,11410,11.2,0.02
11410565,충현동,1519554867,274528571,762798123,133183632,18.1,50.2,8.8,77.1,1800144363,74,11410,-15.6,0.21
11410585,신촌동,10570818068,1201492382,2720117206,2975464246,11.4,25.7,28.1,65.2,11049426535,200,11410,-4.3,0.53
11410615,연희동,4803225789,427232333,1540939315,968871558,8.9,32.1,20.2,61.2,3956081199,159,11410,21.4,0.3
11410620,홍제1동,209110986,20872561,69381184,56207963,10.0,33.2,26.9,70.1,203908738,27,11410,2.6,0.08
11410640,홍제3동,256563668,49189135,117491452,21422344,19.2,45.8,8.3,73.3,203928334,23,11410,25.8,0.11
11410655,홍제2동,210150051,48855781,66366378,40831176,23.2,31.6,19.4,74.2,206409013,7,11410,1.8,0.3
11410660,홍은1동,131366997,22172808,50453626,21238421,16.9,38.4,16.2,71.5,197654357,21,11410,-33.5,0.06
11410685,홍은2동,418967533,71590648,134274258,74116594,17.1,32.0,17.7,66.8,341459315,31,11410,22.7,0.14
11410690,남가좌1동,27000000,4876298,9924817,5205627,18.1,36.8,19.3,74.2,27000000,6,11410,0.0,0.04
11410700,남가좌2동,879963552,93138788,244872058,226856559,10.6,27.8,25.8,64.2,808285570,56,11410,8.9,0.16
11410720,북가좌2동,507230026,71676331,176300225,111243430,14.1,34.8,21.9,70.8,490990907,32,11410,3.3,0.16
11440555,아현동,542297681,122447991,212901570,61029661,22.6,39.3,11.3,73.2,757047166,38,11440,-28.4,0.14
11440565,공덕동,885631770,182851204,428969159,78871413,20.6,48.4,8.9,77.9,768423540,69,11440,15.3,0.13
11440585,도화동,2706329805,542195322,1101738280,457443803,20.0,40.7,16.9,77.6,2053753569,40,11440,31.8,0.68
11440590,용강동,1302195980,230851103,561873096,111411956,17.7,43.1,8.6,69.4,1072081410,51,11440,21.5,0.26
11440600,대흥동,1180180788,198009266,405141005,212114343,16.8,34.3,18.0,69.1,1472750887,78,11440,-19.9,0.15
11440610,염리동,1224601404,174246565,497813709,230037765,14.2,40.7,18.8,73.7,1115462564,35,11440,9.8,0.35
11440630,신수동,916244872,159479570,353949009,125275077,17.4,38.6,13.7,69.7,865073642,46,11440,5.9,0.2
11440655,서강동,3705692401,226485045,980947171,1073928471,6.1,26.5,29.0,61.6,3575318396,104,11440,3.6,0.36
11440660,서교동,27768312903,1830653359,7033733715,7998227121,6.6,25.3,28.8,60.7,28096001924,621,11440,-1.2,0.45
11440680,합정동,4304822803,476603998,1294807505,1041028847,11.1,30.1,24.2,65.4,3923032747,146,11440,9.7,0.29
11440690,망원1동,1865049532,134513487,564877002,431201377,7.2,30.3,23.1,60.6,1525365813,147,11440,22.3,0.13
11440700,망원2동,549435596,53110272,161490620,119107952,9.7,29.4,21.7,60.8,570008322,67,11440,-3.6,0.08
11440710,연남동,4425208846,239037104,1077659385,1242602614,5.4,24.4,28.1,57.9,4337738476,293,11440,2.0,0.15
11440720,성산1동,816294015,119083445,328172027,91237941,14.6,40.2,11.2,66.0,696500242,67,11440,17.2,0.12
11440730,성산2동,1289178823,190280402,474298799,223026185,14.8,36.8,17.3,68.9,962105426,46,11440,34.0,0.28
11440740,상암동,6429190684,1429350120,2875918162,675391032,22.2,44.7,10.5,77.4,5817768578,143,11440,10.5,0.45
11470510,목1동,3463336066,622869899,1059272988,755136476,18.0,30.6,21.8,70.4,4086994580,65,11470,-15.3,0.53
11470520,목2동,342521924,42800447,76386009,68207100,12.5,22.3,19.9,54.7,357282204,31,11470,-4.1,0.11
11470530,목3동,510627501,82297045,159115368,117108465,16.1,31.2,22.9,70.2,454686371,31,11470,12.3,0.16
11470540,목4동,88397705,11483485,30224302,17255664,13.0,34.2,19.5,66.7,92030764,32,11470,-3.9,0.03
11470550,목5동,943946472,140508716,267509336,234966500,14.9,28.3,24.9,68.1,893127706,19,11470,5.7,0.5
11470560,신월1동,132494755,16842781,40949341,27537721,12.7,30.9,20.8,64.4,107675746,22,11470,23.0,0.06
11470570,신월2동,143998329,14022014,37246582,27340490,9.7,25.9,19.0,54.6,135537847,18,11470,6.2,0.08
11470580,신월3동,181762930,33367401,54279233,43701214,18.4,29.9,24.0,72.3,177505309,15,11470,2.4,0.12
11470590,신월4동,192671123,33376122,66760260,37898333,17.3,34.6,19.7,71.6,199849262,19,11470,-3.6,0.1
11470600,신월5동,271399291,58908528,87190357,42291406,21.7,32.1,15.6,69.4,316433347,16,11470,-14.2,0.17
11470610,신월6동,54005588,8728756,15281205,13477533,16.2,28.3,25.0,69.5,53188295,12,11470,1.5,0.05
11470611,신월7동,89433094,13963757,29829624,17519904,15.6,33.4,19.6,68.6,119969307,12,11470,-25.5,0.07
11470620,신정1동,387311806,57949120,171520380,68441110,15.0,44.3,17.7,77.0,343749197,32,11470,12.7,0.12
11470630,신정2동,298712492,34429178,114547505,51703734,11.5,38.3,17.3,67.1,247728423,32,11470,20.6,0.09
11470640,신정3동,1290126762,214581612,378636778,301860850,16.6,29.3,23.4,69.3,782644320,29,11470,64.8,0.44
11470650,신정4동,904179303,131438439,346190883,187876995,14.5,38.3,20.8,73.6,918648838,65,11470,-1.6,0.14
11470670,신정6동,400454120,117265392,169427244,22738525,29.3,42.3,5.7,77.3,351672959,14,11470,13.9,0.29
11470680,신정7동,1072641282,188927862,385199551,204780189,17.6,35.9,19.1,72.6,847955509,20,11470,26.5,0.54
11500510,염창동,2124383651,413193099,812243667,362305846,19.5,38.2,17.1,74.8,1857469814,50,11500,14.4,0.42
11500520,등촌1동,2453364326,494182914,1002123908,379674584,20.1,40.8,15.5,76.4,1940894214,56,11500,26.4,0.44
11500530,등촌2동,231003580,29331351,69066927,61830915,12.7,29.9,26.8,69.4,264841543,16,11500,-12.8,0.14
11500535,등촌3동,913789485,119804064,306449776,209063102,13.1,33.5,22.9,69.5,1114860926,36,11500,-18.0,0.25
11500540,화곡1동,1774289224,142864205,464479234,528758989,8.1,26.2,29.8,64.1,1839779160,62,11500,-3.6,0.29
11500550,화곡2동,49571129,5337282,21208031,5896932,10.8,42.8,11.9,65.5,38891000,13,11500,27.5,0.04
11500560,화곡3동,713892379,107797178,200659952,181309054,15.1,28.1,25.4,68.6,701065626,28,11500,1.8,0.25
11500570,화곡4동,583694047,107470782,131368561,156780286,18.4,22.5,26.9,67.8,279784773,28,11500,108.6,0.21
11500590,화곡본동,212978667,32041005,62023818,48772041,15.0,29.1,22.9,67.0,207661413,27,11500,2.6,0.08
11500591,화곡6동,743911441,102549901,278843010,165536076,13.8,37.5,22.3,73.6,969850811,44,11500,-23.3,0.17
11500593,화곡8동,217758446,19907076,73469012,56515661,9.1,33.7,26.0,68.8,226534385,23,11500,-3.9,0.09
11500603,가양1동,2127384013,326994047,989772868,329931754,15.4,46.5,15.5,77.4,2043675154,213,11500,4.1,0.1
11500604,가양2동,109211531,20523187,33222775,23441144,18.8,30.4,21.5,70.7,129443423,2,11500,-15.6,0.55
11500605,가양3동,254739912,79067302,123717178,10368161,31.0,48.6,4.1,83.7,239394680,5,11500,6.4,0.51
11500611,발산1동,1984076091,453651055,616422630,366817012,22.9,31.1,18.5,72.5,1848740300,89,11500,7.3,0.22
11500615,우장산동,735579878,90786113,200004039,208187444,12.3,27.2,28.3,67.8,708417256,38,11500,3.8,0.19
11500620,공항동,525647660,89857973,210719319,88467905,17.1,40.1,16.8,74.0,384247193,40,11500,36.8,0.13
11500630,방화1동,569534806,107379719,211605610,94335310,18.9,37.2,16.6,72.7,558053808,58,11500,2.1,0.1
11500640,방화2동,304210357,49616086,105001502,63720064,16.3,34.5,20.9,71.7,306957099,51,11500,-0.9,0.06
11500641,방화3동,533712276,97813323,204716108,91100055,18.3,38.4,17.1,73.8,478102018,18,11500,11.6,0.3
11530510,신도림동,504802027,92739337,184350236,84602929,18.4,36.5,16.8,71.7,860820167,51,11530,-41.4,0.1
11530520,구로1동,84319287,18520140,26439676,16536142,22.0,31.4,19.6,73.0,82557464,15,11530,2.1,0.06
11530530,구로2동,966240635,210251460,466179225,97741413,21.8,48.2,10.1,80.1,959356151,39,11530,0.7,0.25
11530540,구로3동,5982315920,1415829174,2554267761,735947386,23.7,42.7,12.3,78.7,5645884103,95,11530,6.0,0.63
11530550,구로4동,562920856,75601273,169996869,138764681,13.4,30.2,24.7,68.3,523982155,29,11530,7.4,0.19
11530560,구로5동,1967441594,280892191,696743764,427735762,14.3,35.4,21.7,71.4,1954536516,60,11530,0.7,0.33
11530595,가리봉동,77973298,7510775,28280907,19456156,9.6,36.3,25.0,70.9,78967400,10,11530,-1.3,0.08
11530720,고척1동,770323720,131945061,247000959,161085832,17.1,32.1,20.9,70.1,659210564,35,11530,16.9,0.22
11530730,고척2동,239767893,39008765,85013188,40406094,16.3,35.5,16.9,68.7,193496471,26,11530,23.9,0.09
11530740,개봉1동,398354679,68619763,138285680,73111164,17.2,34.7,18.4,70.3,389026671,36,11530,2.4,0.11
11530750,개봉2동,561614217,85733087,149727760,143121734,15.3,26.7,25.5,67.5,520639912,19,11530,7.9,0.3
11530760,개봉3동,167460366,33928156,58068213,25253926,20.3,34.7,15.1,70.1,183300369,23,11530,-8.6,0.07
11530770,오류1동,457824262,71990051,126643605,117988920,15.7,27.7,25.8,69.2,355425904,15,11530,28.8,0.31
11530780,오류2동,271245847,45512111,87016810,54900465,16.8,32.1,20.2,69.1,239857784,18,11530,13.1,0.15
11530790,수궁동,286529107,48205577,106067063,46823748,16.8,37.0,16.3,70.1,215862654,11,11530,32.7,0.26
11530800,항동,77942576,5666982,29597745,4938784,7.3,38.0,6.3,51.6,32936029,12,11530,136.6,0.06
11545510,가산동,12231224625,3360013051,5502440717,1011948940,27.5,45.0,8.3,80.8,11049177806,206,11545,10.7,0.59
11545610,독산1동,973475877,171410522,337485449,191737166,17.6,34.7,19.7,72.0,847437691,53,11545,14.9,0.18
11545620,독산2동,128514028,15340198,40071374,24406612,11.9,31.2,19.0,62.1,109439049,17,11545,17.4,0.08
11545630,독산3동,478749300,67898277,131083675,113643318,14.2,27.4,23.7,65.3,377448898,33,11545,26.8,0.15
11545640,독산4동,250893525,27968941,49125919,70978847,11.1,19.6,28.3,59.0,177292336,17,11545,41.5,0.15
11545670,시흥1동,1396957699,248730357,433811883,291992071,17.8,31.1,20.9,69.8,1346646518,49,11545,3.7,0.29
11545680,시흥2동,54682307,10036913,22648151,8168508,18.4,41.4,14.9,74.7,69190402,7,11545,-21.0,0.08
11545690,시흥3동,50367615,5507594,18977066,12232414,10.9,37.7,24.3,72.9,53110872,12,11545,-5.2,0.04
11545700,시흥4동,106497548,20072553,34603856,18897842,18.8,32.5,17.7,69.0,98767587,10,11545,7.8,0.11
11545710,시흥5동,127767458,17415530,42333548,28708645,13.6,33.1,22.5,69.2,138664165,17,11545,-7.9,0.08
11560515,영등포본동,1041528457,165503132,276944066,281428957,15.9,26.6,27.0,69.5,709094326,26,11560,46.9,0.4
11560535,영등포동,4869651358,571899976,1256893672,1329234475,11.7,25.8,27.3,64.8,4547740783,84,11560,7.1,0.58
11560540,여의동,24004630783,5562578642,10939068761,2453257989,23.2,45.6,10.2,79.0,20833173842,270,11560,15.2,0.89
11560550,당산1동,1941663810,410412413,760915476,309514573,21.1,39.2,15.9,76.2,1831549042,104,11560,6.0,0.19
11560560,당산2동,4509870393,528714622,1362469510,1326503234,11.7,30.2,29.4,71.3,4190041722,70,11560,7.6,0.64
11560585,도림동,75661992,10428684,24182362,16598956,13.8,32.0,21.9,67.7,96091214,24,11560,-21.3,0.03
11560605,문래동,4130925913,606697520,1643420207,805411274,14.7,39.8,19.5,74.0,4036224501,122,11560,2.3,0.34
11560610,양평1동,827805712,220996555,387031321,66814310,26.7,46.8,8.1,81.6,813617078,58,11560,1.7,0.14
11560620,양평2동,2484299710,539335833,1104456459,246331311,21.7,44.5,9.9,76.1,2026684770,67,11560,22.6,0.37
11560630,신길1동,435283614,83081842,131469647,102976567,19.1,30.2,23.7,73.0,405581320,21,11560,7.3,0.21
11560650,신길3동,21454593,2454114,4760065,5325910,11.4,22.2,24.8,58.4,21426181,15,11560,0.1,0.01
11560660,신길4동,146205885,30827672,43225968,30462918,21.1,29.6,20.8,71.5,142283347,10,11560,2.8,0.15
11560670,신길5동,96023531,10312409,32535498,20314439,10.7,33.9,21.2,65.8,86944113,11,11560,10.4,0.09
11560680,신길6동,733250422,88199166,283720231,128280614,12.0,38.7,17.5,68.2,753764585,32,11560,-2.7,0.23
11560690,신길7동,280988969,58775857,115269677,34030276,20.9,41.0,12.1,74.0,227073431,12,11560,23.7,0.23
11560700,대림1동,259084179,93781482,90935218,27216178,36.2,35.1,10.5,81.8,313760733,15,11560,-17.4,0.17
11560710,대림2동,255676650,35146741,78635198,53932839,13.7,30.8,21.1,65.6,229366636,19,11560,11.5,0.13
11560720,대림3동,559578680,161177692,164202725,88186602,28.8,29.3,15.8,73.9,541512747,33,11560,3.3,0.17
11590510,노량진1동,1551376252,226096865,391439360,451093322,14.6,25.2,29.1,68.9,1575904611,58,11590,-1.6,0.27
11590520,노량진2동,704171440,160253144,251253778,104043770,22.8,35.7,14.8,73.3,538883479,21,11590,30.7,0.34
11590530,상도1동,2891181565,300264412,810764765,704023952,10.4,28.0,24.4,62.8,2014363960,63,11590,43.5,0.46
11590540,상도2동,802379488,152483592,309990200,97272181,19.0,38.6,12.1,69.7,434786719,34,11590,84.5,0.24
11590550,상도3동,403908252,42398880,126416694,101854374,10.5,31.3,25.2,67.0,329011317,26,11590,22.8,0.16
11590560,상도4동,266091498,44023909,92319941,49787166,16.5,34.7,18.7,69.9,243262013,26,11590,9.4,0.1
11590605,흑석동,2086053117,402618305,722237226,382514328,19.3,34.6,18.3,72.2,1747008784,57,11590,19.4,0.37
11590620,사당1동,1374306366,125837783,360558967,437474664,9.2,26.2,31.8,67.2,2281122758,60,11590,-39.8,0.23
11590630,사당2동,1741329055,202033061,424531348,538541852,11.6,24.4,30.9,66.9,1867811626,28,11590,-6.8,0.62
11590640,사당3동,351243075,28327864,112650494,82056581,8.1,32.1,23.4,63.6,367584971,25,11590,-4.4,0.14
11590650,사당4동,37405057,1361055,11875899,12481584,3.6,31.7,33.4,68.7,47393725,14,11590,-21.1,0.03
11590651,사당5동,253284323,38656037,80370414,55240680,15.3,31.7,21.8,68.8,252612633,16,11590,0.3,0.16
11590660,대방동,987917308,142378822,275140946,258129282,14.4,27.9,26.1,68.4,969481015,44,11590,1.9,0.22
11590670,신대방1동,312809431,62118601,105094466,64028918,19.9,33.6,20.5,74.0,316870897,23,11590,-1.3,0.14
11590680,신대방2동,2791003921,662945774,1129925462,378756585,23.8,40.5,13.6,77.9,2239988490,44,11590,24.6,0.63
11620525,보라매동,954640268,110430316,353028597,163962356,11.6,37.0,17.2,65.8,859359050,34,11620,11.1,0.28
11620545,청림동,47126461,11063782,17553747,4174829,23.5,37.2,8.9,69.6,45866443,9,11620,2.7,0.05
11620565,성현동,62863918,10428903,20334718,7771993,16.6,32.3,12.4,61.3,67324819,24,11620,-6.6,0.03
11620575,행운동,1476574580,134286675,319856557,316006988,9.1,21.7,21.4,52.2,1767756306,47,11620,-16.5,0.31
11620585,낙성대동,774491788,28263678,176115051,279248275,3.6,22.7,36.1,62.4,815972806,72,11620,-5.1,0.11
11620595,청룡동,1171159464,125180274,307997447,336736868,10.7,26.3,28.8,65.8,1054046032,54,11620,11.1,0.22
11620605,은천동,639050896,61312682,176972380,176063092,9.6,27.7,27.6,64.9,591758833,39,11620,8.0,0.16
11620615,중앙동,451674719,60679471,134846817,107035452,13.4,29.9,23.7,67.0,505033810,36,11620,-10.6,0.13
11620625,인헌동,1022796247,129192613,321196343,227906204,12.6,31.4,22.3,66.3,945987043,35,11620,8.1,0.29
11620630,남현동,896035352,108481330,271139010,239201780,12.1,30.3,26.7,69.1,686272591,30,11620,30.6,0.3
11620645,서원동,2279212566,172878977,430258748,778408709,7.6,18.9,34.2,60.7,2843292790,32,11620,-19.8,0.71
11620655,신원동,136012251,18671925,46404333,33112023,13.7,34.1,24.3,72.1,111355062,23,11620,22.1,0.06
11620665,서림동,268585256,31565476,72375587,54590042,11.8,26.9,20.3,59.0,234061671,33,11620,14.7,0.08
11620685,신사동,80848242,10149146,20944125,19129472,12.6,25.9,23.7,62.2,195493247,46,11620,-58.6,0.02
11620695,신림동,1619293808,169269928,334753907,388837268,10.5,20.7,24.0,55.2,1433555935,52,11620,13.0,0.31
11620715,난향동,16789094,0,3089227,5963925,0.0,18.4,35.5,53.9,26678914,8,11620,-37.1,0.02
11620725,조원동,694706693,72328565,181572290,198651361,10.4,26.1,28.6,65.1,641195101,46,11620,8.3,0.15
11620735,대학동,1589692934,214788685,437332781,437183040,13.5,27.5,27.5,68.5,1474760545,43,11620,7.8,0.37
11620745,삼성동,622436,0,0,70910,0.0,0.0,11.4,11.4,3970987,5,11620,-84.3,0.0
11620765,미성동,217009786,31821357,68570433,49070289,14.7,31.6,22.6,68.9,223569853,26,11620,-2.9,0.08
11620775,난곡동,388395021,80645382,111923242,83761508,20.8,28.8,21.6,71.2,352970605,11,11620,10.0,0.35
11650510,서초1동,2990392176,599702421,1205342546,421918223,20.1,40.3,14.1,74.5,2661188191,96,11650,12.4,0.31
11650520,서초2동,6478154970,1325354036,3009574594,800689741,20.5,46.5,12.4,79.4,5676278739,98,11650,14.1,0.66
11650530,서초3동,9981490656,1840639695,4519856572,1314041996,18.4,45.3,13.2,76.9,9545634283,172,11650,4.6,0.58
11650531,서초4동,5984927009,887317588,2144869882,1270245183,14.8,35.8,21.2,71.8,5060407702,58,11650,18.3,1.03
11650540,잠원동,2525211873,403922614,1133951280,356796144,16.0,44.9,14.1,75.0,2088773703,52,11650,20.9,0.49
11650550,반포본동,79823686,15861183,50630992,61594,19.9,63.4,0.1,83.4,24733124,10,11650,222.7,0.08
11650560,반포1동,1926595603,220790234,593460936,475662088,11.5,30.8,24.7,67.0,1970797439,68,11650,-2.2,0.28
11650570,반포2동,232666547,20089003,96900921,46978698,8.6,41.6,20.2,70.4,96058514,16,11650,142.2,0.15
11650580,반포3동,737105484,105982373,215559256,168669271,14.4,29.2,22.9,66.5,676549583,9,11650,9.0,0.82
11650581,반포4동,3137214403,679371948,1083499574,452924343,21.7,34.5,14.4,70.6,3043123144,67,11650,3.1,0.47
11650590,방배본동,3863892730,698234184,1338373436,738184458,18.1,34.6,19.1,71.8,4080644141,51,11650,-5.3,0.76
11650600,방배1동,1726213424,243480672,637607093,304252952,14.1,36.9,17.6,68.6,1831347280,52,11650,-5.7,0.33
11650610,방배2동,2633544053,198051641,725874598,818986432,7.5,27.6,31.1,66.2,2859786526,66,11650,-7.9,0.4
11650620,방배3동,345902527,34627237,140724335,63073425,10.0,40.7,18.2,68.9,369502523,29,11650,-6.4,0.12
11650621,방배4동,1454531580,194234692,625797047,228344087,13.4,43.0,15.7,72.1,1441020316,69,11650,0.9,0.21
11650651,양재1동,4293184351,741720520,2028673303,520123497,17.3,47.3,12.1,76.7,3668332913,124,11650,17.0,0.35
11650652,양재2동,5916679411,1079380020,2524932241,901658442,18.2,42.7,15.2,76.1,5514427600,132,11650,7.3,0.45
11650660,내곡동,471532988,178782952,202123044,3341054,37.9,42.9,0.7,81.5,442627515,31,11650,6.5,0.15
11680510,신사동,4645070243,470148176,1431180281,1024363652,10.1,30.8,22.1,63.0,4595608139,169,11680,1.1,0.27
11680521,논현1동,6293024574,1052714273,2196809737,1194041194,16.7,34.9,19.0,70.6,5335176628,146,11680,18.0,0.43
11680531,논현2동,6086257825,1193890158,2712713189,747278995,19.6,44.6,12.3,76.5,6149265175,164,11680,-1.0,0.37
11680545,압구정동,4659798787,734327216,1588502263,807722973,15.8,34.1,17.3,67.2,4441820766,156,11680,4.9,0.3
11680565,청담동,2999514688,593337678,920484066,279320318,19.8,30.7,9.3,59.8,2796699242,116,11680,7.3,0.26
11680580,삼성1동,11212244036,1763868400,4395915557,1841803661,15.7,39.2,16.4,71.3,7690804420,110,11680,45.8,1.02
11680590,삼성2동,5916788323,979377777,2953027349,803843415,16.6,49.9,13.6,80.1,4100826911,110,11680,44.3,0.54
11680600,대치1동,2064223359,356173258,679819934,419684742,17.3,32.9,20.3,70.5,2352428955,11,11680,-12.3,1.88
11680610,대치2동,6553841417,1327793160,2771356679,1003520599,20.3,42.3,15.3,77.9,5875110592,90,11680,11.6,0.73
11680630,대치4동,7909476801,1689587082,2925407957,1217115990,21.4,37.0,15.4,73.8,7673823286,100,11680,3.1,0.79
11680640,역삼1동,35327445013,4638154364,13291899264,7542428499,13.1,37.6,21.4,72.1,35910959271,400,11680,-1.6,0.88
11680650,역삼2동,4537985725,1065710701,2057892959,425347700,23.5,45.3,9.4,78.2,3821172470,106,11680,18.8,0.43
11680655,도곡1동,859940757,184177488,444095850,80458931,21.4,51.6,9.4,82.4,843511473,45,11680,1.9,0.19
11680656,도곡2동,2931950283,304580157,1166973398,712030128,10.4,39.8,24.3,74.5,2840234266,50,11680,3.2,0.59
11680670,개포2동,422029727,75931552,137048165,85442503,18.0,32.5,20.2,70.7,352892509,19,11680,19.6,0.22
11680690,개포4동,665232714,98983673,275329448,102772856,14.9,41.4,15.4,71.7,770031695,39,11680,-13.6,0.17
11680700,세곡동,1511474841,289139069,659380254,212592415,19.1,43.6,14.1,76.8,1260187043,41,11680,19.9,0.37
11680720,일원본동,807202476,237773530,310844702,74137170,29.5,38.5,9.2,77.2,896047313,11,11680,-9.9,0.73
11680730,일원1동,595988376,87344434,207461360,147519037,14.7,34.8,24.8,74.3,524234914,26,11680,13.7,0.23
11680740,일원2동,148861945,48386394,57619281,10651620,32.5,38.7,7.2,78.4,137728235,8,11680,8.1,0.19
11680750,수서동,2388657490,473988635,810908345,505024283,19.8,33.9,21.1,74.8,2301398575,21,11680,3.8,1.14
11710510,풍납1동,22224268,316233,12566839,2996670,1.4,56.5,13.5,71.4,18167047,12,11710,22.3,0.02
11710520,풍납2동,294690997,42436732,116944853,50535739,14.4,39.7,17.1,71.2,301092362,27,11710,-2.1,0.11
11710531,거여1동,332571135,32650926,88447629,104639163,9.8,26.6,31.5,67.9,340842384,14,11710,-2.4,0.24
11710532,거여2동,88689765,6756901,23891282,26573239,7.6,26.9,30.0,64.5,191331151,9,11710,-53.6,0.1
11710540,마천1동,170137264,44602790,53854650,27910735,26.2,31.7,16.4,74.3,159764535,7,11710,6.5,0.24
11710550,마천2동,946755791,129887882,281648138,273860872,13.7,29.7,28.9,72.3,1052084326,18,11710,-10.0,0.53
11710561,방이1동,475029863,54477550,187671399,87001325,11.5,39.5,18.3,69.3,536596476,49,11710,-11.5,0.1
11710562,방이2동,3359967722,345945593,905745373,909178068,10.3,27.0,27.1,64.4,3343126639,62,11710,0.5,0.54
11710566,오륜동,685026359,65566726,222140252,128273837,9.6,32.4,18.7,60.7,514947771,12,11710,33.0,0.57
11710570,오금동,2765626806,531882514,943058471,443137893,19.2,34.1,16.0,69.3,2486396650,81,11710,11.2,0.34
11710580,송파1동,2688973706,170711778,773461181,785067917,6.3,28.8,29.2,64.3,2438769661,152,11710,10.3,0.18
11710590,송파2동,749724596,144593775,226308717,123394727,19.3,30.2,16.5,66.0,711847625,28,11710,5.3,0.27
11710600,석촌동,2388570437,322503174,697279501,554726539,13.5,29.2,23.2,65.9,2995982707,81,11710,-20.3,0.29
11710610,삼전동,1288476486,215877987,375978879,276135918,16.8,29.2,21.4,67.4,1087682375,50,11710,18.5,0.26
11710620,가락본동,1944701908,370946357,766397307,319905496,19.1,39.4,16.5,75.0,1747856289,58,11710,11.3,0.34
11710631,가락1동,1078019667,169973171,295985816,244887797,15.8,27.5,22.7,66.0,847020036,18,11710,27.3,0.6
11710632,가락2동,665495320,106752619,227979172,130455276,16.0,34.3,19.6,69.9,662854483,43,11710,0.4,0.15
11710641,문정1동,348674957,46166986,142391375,56710634,13.2,40.8,16.3,70.3,330230801,40,11710,5.6,0.09
11710642,문정2동,4309965922,905870873,1787283955,596000744,21.0,41.5,13.8,76.3,4646087304,160,11710,-7.2,0.27
11710646,장지동,694198161,141411428,234102214,112427270,20.4,33.7,16.2,70.3,641559788,43,11710,8.2,0.16
11710647,위례동,2170671378,308928170,770248262,406121328,14.2,35.5,18.7,68.4,2786077462,28,11710,-22.1,0.78
11710650,잠실본동,3898195176,450756684,1051771496,1083911952,11.6,27.0,27.8,66.4,3634319830,61,11710,7.3,0.64
11710670,잠실2동,3225873794,445240720,1097715780,605157985,13.8,34.0,18.8,66.6,2568531364,24,11710,25.6,1.34
11710680,잠실3동,1819133021,269373406,637097782,322359596,14.8,35.0,17.7,67.5,1712683408,30,11710,6.2,0.61
11710690,잠실4동,109005170,23015041,33345393,17242065,21.1,30.6,15.8,67.5,94474838,8,11710,15.4,0.14
11710710,잠실6동,7178615162,1437363791,2794645985,1043553821,20.0,38.9,14.5,73.4,6680820313,82,11710,7.5,0.88
11710720,잠실7동,52531337,5126591,23395886,3867237,9.8,44.5,7.4,61.7,22379403,5,11710,134.7,0.11
11740515,강일동,939052937,252606048,378575087,113563273,26.9,40.3,12.1,79.3,772129456,18,11740,21.6,0.52
11740520,상일동,977515320,309246059,393248292,44864674,31.6,40.2,4.6,76.4,992973063,33,11740,-1.6,0.3
11740530,명일1동,1445984447,425741811,413424141,238496894,29.4,28.6,16.5,74.5,1372182304,48,11740,5.4,0.3
11740540,명일2동,2004207796,331877929,671172050,409652577,16.6,33.5,20.4,70.5,1875969259,22,11740,6.8,0.91
11740550,고덕1동,13046841,4242770,5724693,468836,32.5,43.9,3.6,80.0,10559543,16,11740,23.6,0.01
11740560,고덕2동,87356734,13473414,31160165,13918669,15.4,35.7,15.9,67.0,76912871,36,11740,13.6,0.02
11740570,암사1동,317592528,50829493,107967383,60690301,16.0,34.0,19.1,69.1,326716890,43,11740,-2.8,0.07
11740580,암사2동,147550742,21280826,43748465,32988124,14.4,29.6,22.4,66.4,186747896,22,11740,-21.0,0.07
11740590,암사3동,372000254,82165419,122953187,52406994,22.1,33.1,14.1,69.3,354198742,11,11740,5.0,0.34
11740600,천호1동,492652216,74798080,147326965,103378366,15.2,29.9,21.0,66.1,500527459,26,11740,-1.6,0.19
11740610,천호2동,2006589685,271285778,527967255,510655751,13.5,26.3,25.4,65.2,1657614015,72,11740,21.1,0.28
11740620,천호3동,268551629,45680133,68539646,51025723,17.0,25.5,19.0,61.5,335369650,35,11740,-19.9,0.08
11740640,성내1동,1411164272,233114560,521824479,238503508,16.5,37.0,16.9,70.4,1202526325,64,11740,17.3,0.22
11740650,성내2동,1138806723,159066824,341718556,277603237,14.0,30.0,24.4,68.4,969842160,58,11740,17.4,0.2
11740660,성내3동,1253857753,215274051,466975483,233997720,17.2,37.2,18.7,73.1,1315966222,67,11740,-4.7,0.19
11740685,길동,2740212223,451731734,942662158,600715474,16.5,34.4,21.9,72.8,2651450485,58,11740,3.3,0.47
11740700,둔촌2동,600915476,81384247,230143591,125728100,13.5,38.3,20.9,72.7,572832409,48,11740,4.9,0.13
