기준_년분기_코드,자치구_코드,자치구_코드_명,서비스_업종_코드,서비스_업종_코드_명,당월_매출_금액,당월_매출_건수,주중_매출_금액,주말_매출_금액,월요일_매출_금액,화요일_매출_금액,수요일_매출_금액,목요일_매출_금액,금요일_매출_금액,토요일_매출_금액,일요일_매출_금액,시간대_00~06_매출_금액,시간대_06~11_매출_금액,시간대_11~14_매출_금액,시간대_14~17_매출_금액,시간대_17~21_매출_금액,시간대_21~24_매출_금액,남성_매출_금액,여성_매출_금액,연령대_10_매출_금액,연령대_20_매출_금액,연령대_30_매출_금액,연령대_40_매출_금액,연령대_50_매출_금액,연령대_60_이상_매출_금액,주중_매출_건수,주말_매출_건수,월요일_매출_건수,화요일_매출_건수,수요일_매출_건수,목요일_매출_건수,금요일_매출_건수,토요일_매출_건수,일요일_매출_건수,시간대_건수~06_매출_건수,시간대_건수~11_매출_건수,시간대_건수~14_매출_건수,시간대_건수~17_매출_건수,시간대_건수~21_매출_건수,시간대_건수~24_매출_건수,남성_매출_건수,여성_매출_건수,연령대_10_매출_건수,연령대_20_매출_건수,연령대_30_매출_건수,연령대_40_매출_건수,연령대_50_매출_건수,연령대_60_이상_매출_건수,전체_점포_수,총_직장_인구_수,총_상주인구_수,카페1개당_평균매출,카페1개당_평균매출_억원,점심_매출비중,평일_매출비중,주간인구지수
20261,11740,강동구,CS100010,커피-음료,16474020859,2317323,11123997662,5350023197,2000787939,2283993501,2108791173,2261792373,2468632676,2772444871,2577578326,90190472,2981354233,5623361984,4094486827,3006331919,678295424,7274221839,8151131423,113940539,1922080685,4224963841,3722816139,3078074124,2363477960,1601585,715738,304516,322686,302549,321118,350716,369940,345798,13704,526026,743190,576066,397537,60800,1128249,1133943,21369,311818,627865,534655,445851,320669,931.0,51554,456800,17694974.0698174,0.18,34.1,67.5,11.3
20261,11710,송파구,CS100010,커피-음료,41641687029,5391065,28775983714,12865703315,5219640684,5766042642,5316816399,6038743881,6434740108,7176704099,5688999216,138346701,6513233136,14461680610,10954711367,8150850493,1422864722,17485306863,20152738134,304949860,5241844589,10853935677,9114599515,6910736915,5211978436,3844360,1546705,729479,767124,715291,788933,843533,857282,689423,22052,1145073,1778927,1374512,927379,143122,2493184,2588317,49102,714911,1497246,1244576,929571,646077,1613.0,409883,653369,25816296.98016119,0.26,34.7,69.1,62.7
20261,11680,강남구,CS100010,커피-음료,106034950002,11888410,82273426035,23761523967,14448971045,16219881531,15714894956,17301071297,18588607206,13364262686,10397261281,1797138907,16868864864,41523456225,23692613434,18413894179,3738982393,40293125019,45144785991,908206101,14585919232,28508996511,19281320937,14261566527,7891901688,9533857,2354553,1743284,1915985,1798870,1984135,2091583,1337363,1017190,106349,2862562,4399322,2460216,1770045,289916,5124729,5435266,163305,1770125,3569320,2376383,1801922,878965,2561.0,1079924,539297,41403729.01288559,0.41,39.2,77.6,200.2
20261,11650,서초구,CS100010,커피-음료,52797433809,6236506,41203511985,11593921824,7359900492,8104878973,7849223235,8549788140,9339721145,6630387844,4963533980,281766769,8925791620,21618119227,11551817380,8647849358,1772089455,20444862372,22655220578,234713272,5872055916,12479290591,9967244705,8313044980,6233733551,4956418,1280088,920014,999302,936158,1021232,1079712,730689,549399,12135,1535403,2393244,1320648,847129,127947,2741370,2777525,40488,816606,1688937,1294358,1021155,657322,1565.0,434315,406675,33736379.430670924,0.34,40.9,78.0,106.8
20261,11620,관악구,CS100010,커피-음료,14309054414,2080153,8993971121,5315083293,1667159232,1697655660,1850130855,1806216665,1972808709,2644003966,2671079327,182808775,1400615394,3670957093,3764513239,3937445909,1352714004,6515324193,7323675005,107447663,3042618820,4296381324,2255521068,2418048701,1718785095,1381221,698932,266505,274174,260027,279731,300784,373245,325687,21615,321572,560109,542098,507445,127314,1040450,1007172,17470,469986,695593,344545,301331,218644,915.0,41999,479790,15638310.834972678,0.16,25.7,62.9,8.8
20261,11590,동작구,CS100010,커피-음료,15274759511,2366665,10882706389,4392053122,1986346561,2190565461,2073992346,2242114391,2389687630,2469446121,1922607001,52129867,2267347228,4982477812,3913505534,3385406076,673892994,6464179043,7835883293,126891550,3303475399,3884500783,2478731505,2677577433,1828885659,1724958,641707,330296,353452,324129,351443,365638,358074,283633,5797,498339,754059,584460,450603,73407,1096432,1210156,20666,545409,644715,388237,446420,261167,719.0,45111,377821,21244449.945757996,0.21,32.6,71.2,11.9
20261,11560,영등포구,CS100010,커피-음료,45835393006,5038694,37178515366,8656877640,6737040929,7493302252,7042804678,7569865784,8335501723,4863454919,3793422721,318117099,8971451975,18655913921,9030342786,7040400278,1819166947,16873294788,17258372334,100545898,5009331371,11509450093,7864379910,6108648833,3539311038,4128266,910428,760179,834817,781945,844452,906873,502123,408305,12240,1386124,1972988,958157,606689,102496,2279881,2168657,13328,646851,1523224,1041611,796188,427310,1421.0,400232,373300,32255730.475721322,0.32,40.7,81.1,107.2
20261,11545,금천구,CS100010,커피-음료,15191690907,2435515,12889370029,2302320878,2343520212,2623932848,2406406321,2657138284,2858372364,1280905729,1021415149,28976007,3698070457,6376716840,3039089148,1815830151,233008304,6871979217,5930797150,37394802,1891658105,4509238665,2961459120,2188851855,1214173814,2104281,331234,394064,434383,397190,430898,447746,186541,144693,2695,841785,922279,431626,217147,19983,1256842,987764,5570,336759,821052,505472,382553,193195,667.0,131583,226388,22776148.28635682,0.23,42.0,84.8,58.1
20261,11530,구로구,CS100010,커피-음료,12591001308,1895675,9795989667,2795011641,1784881614,1963643810,1860636381,2002936208,2183891654,1569037423,1225974218,47061475,2405634638,4925239918,2771216158,2057464396,384384723,5518617744,5517521789,54212016,1676823135,3610986788,2417999958,1912492110,1363625498,1505909,389766,284388,304724,283177,308740,324880,217934,171832,1991,509857,693464,392901,256890,40572,926925,841190,9396,278506,604147,387874,299878,188317,750.0,122194,391809,16788001.744,0.17,39.1,77.8,31.2
20261,11500,강서구,CS100010,커피-음료,16802898652,2528292,11886397121,4916501531,2215601363,2419375328,2180027712,2417500478,2653892240,2633631194,2282870337,32625714,2676398157,6078666476,4084237862,3319044082,611926361,7097500032,8226966918,113548966,2236126275,4633748337,3475087406,2859109924,2006846049,1807564,720728,346825,360981,336635,368471,394652,385467,335261,3097,540760,838082,608438,461291,76624,1179817,1238910,19436,350750,742290,555455,454513,296296,1270.0,73335,560995,13230628.85984252,0.13,36.2,70.7,13.1
20261,11470,양천구,CS100010,커피-음료,10559638947,1811328,7225829567,3333809380,1339409344,1463992098,1312753894,1481081111,1628593120,1771907365,1561902015,89064669,1688868979,3532937537,2630579593,2139520781,478667388,4680984777,5347325691,211828405,1160195925,2255448641,2819112500,2335659835,1246065162,1253384,557944,238139,251344,231036,257548,275317,302225,255719,5419,365717,585566,448411,346356,59859,865806,903673,45012,198997,401324,497029,419309,207811,674.0,85678,435645,15667120.099406527,0.16,33.5,68.4,19.7
20261,11440,마포구,CS100010,커피-음료,57135302880,6255754,37920716069,19214586811,6847708686,7144251452,7024787999,8016063514,8887904418,10665382004,8549204807,644283941,5690595668,17722445642,16479134589,13633189763,2965653277,19951893418,31342263245,926058827,16616942895,15966158616,8008188479,6592178180,3184629666,4431156,1824598,823381,873942,832660,908976,992197,1017670,806928,24686,1092641,2008143,1695041,1241559,193684,2480044,3395213,93261,1723614,1870631,959197,828370,400209,2320.0,120344,362701,24627285.724137932,0.25,31.0,66.4,33.2
20261,11410,서대문구,CS100010,커피-음료,18354016854,2232983,12842519744,5511497110,2432158090,2545979255,2409256893,2643429382,2811696124,3031603944,2479893166,163337196,2013082721,5814370262,5214898064,4276371641,871956970,6327685320,10880339204,217046963,5804697856,4373923051,2604908928,2746446797,1461000935,1636914,596069,317561,335189,308325,334005,341834,323657,272412,12789,381366,705000,594629,456317,82882,861806,1306263,28807,749069,536527,321152,351268,181240,885.0,35863,305725,20739002.094915256,0.21,31.7,70.0,11.7
20261,11380,은평구,CS100010,커피-음료,7875882753,1145793,5279804692,2596078061,988874017,1044241380,1016176226,1098229569,1132283500,1413129148,1182948913,35569326,1014271912,2367307737,2238200756,1822688934,397844088,3322028246,4137803734,70452145,1048954717,1755955431,1576762509,1593212784,1414494388,777934,367859,151124,154800,147202,159141,165667,198900,168959,4042,204677,344413,309013,239429,44219,517319,614460,12233,160913,280278,236102,250827,191423,762.0,31146,466475,10335804.137795275,0.1,30.1,67.0,6.7
20261,11350,노원구,CS100010,커피-음료,15415802889,2352294,10268427349,5147375540,1924128602,2102602398,1944078159,2043007686,2254610504,2797129385,2350246155,76450793,1927055227,4773828745,4212382770,3674976162,751109192,6440061124,8400790547,212685662,2992135012,3451399753,3102143883,3108353560,1974133806,1621515,730779,309590,333067,304482,327387,346989,398276,332503,4530,423033,718069,623160,503331,80171,1061140,1254950,37827,464607,525979,475888,496517,315251,809.0,28109,498037,19055380.57972806,0.19,31.0,66.6,5.6
20261,11320,도봉구,CS100010,커피-음료,6057752183,923161,4022835422,2034916761,743475079,850064988,729440667,828617332,871237356,1032149089,1002767672,13170923,858558359,2023675073,1654796869,1323458698,184092261,2628721427,3261930500,48137098,671510624,1252353960,1235213453,1404637537,1278799270,633263,289898,123851,130976,116158,127904,134374,147686,142212,2111,181349,293791,245432,175807,24671,434907,475026,9244,111024,199498,192118,211509,186544,432.0,20112,306437,14022574.497685185,0.14,33.4,66.4,6.6
20261,11305,강북구,CS100010,커피-음료,7697478184,975780,5230181964,2467296220,954851702,1060747440,991453819,1069755723,1153373280,1315496121,1151800099,107650595,830896390,2336199447,2144372063,1835660578,442699111,3346141594,3979050194,62337907,1114422928,1623515485,1400185400,1605180390,1519549665,678738,297042,129569,139691,126462,136287,146729,160275,136767,9611,153409,292803,262552,208470,48935,444564,514615,9817,164402,234727,193247,196543,160455,540.0,14740,287918,14254589.22962963,0.14,30.4,67.9,5.1
20261,11290,성북구,CS100010,커피-음료,20491530633,2925271,14417643377,6073887256,2655883477,3025513548,2733493965,2919717884,3083034503,3306622496,2767264760,145146768,2430409609,6099159267,5584429540,5135989547,1096395902,7936498373,11680042576,404923896,5695173776,4295407317,3386700467,3853570873,1980764615,2125025,800246,406358,432711,406973,441281,437702,432330,367916,7405,518380,905729,758245,626590,108922,1246243,1646238,64457,818493,652461,500008,591402,265670,937.0,68606,425160,21869296.299893275,0.22,29.8,70.4,16.1
20261,11260,중랑구,CS100010,커피-음료,7391749839,1141233,4924747544,2467002295,953197986,981665634,940394048,980719908,1068769968,1364526270,1102476025,36291296,961628382,2159936136,2072953397,1781616347,379324281,3170322726,4002391039,76388108,1061533214,1924862788,1436020742,1400033492,1273875416,774116,367117,152441,156163,144419,154950,166143,202275,164842,4018,191395,328613,314201,254951,48055,515886,611046,11872,174427,321908,231813,211122,175786,652.0,21334,381547,11337039.630368099,0.11,29.2,66.6,5.6
20261,11230,동대문구,CS100010,커피-음료,12202939358,1835802,8941676823,3261262535,1718781108,1821962379,1625516221,1823500993,1951916122,1740759906,1520502629,83669566,1823228294,4235175348,2931246272,2540986563,588633315,5376727223,6062868770,153789018,2844375208,2603827229,2160088624,2198172886,1479343030,1350102,485700,262124,279832,253065,273607,281474,257873,227827,8619,372345,611290,438570,339130,65848,884047,908269,22683,454735,429630,323235,350342,211703,842.0,50705,340101,14492802.087885985,0.14,34.7,73.3,14.9
20261,11215,광진구,CS100010,커피-음료,20275793665,2698818,13822299964,6453493701,2543033814,2764890504,2497674912,2863522940,3153177794,3627969583,2825524118,85997470,2622548032,6211888302,5584858519,4811148237,959353105,7925736423,10999520322,254506398,4820035238,4888688736,3304485184,3389095591,2268445598,1890017,808801,358372,385086,351525,388058,406976,445822,362979,5654,474236,824248,722809,568985,102886,1153607,1461450,35168,669803,687911,476450,462766,282971,987.0,56058,334942,20542850.724417426,0.21,30.6,68.2,16.7
20261,11200,성동구,CS100010,커피-음료,20135613084,2187465,14501281778,5634331306,2562330408,2850078110,2733513828,3021312901,3334046531,3072531613,2561799693,20387954,2573807211,7520298967,5770200604,3853775456,397142892,7658074590,9988894962,132133534,4092533478,5939807512,3346804391,2610438219,1525252417,1666413,521052,308712,334894,313353,343814,365640,284837,236215,1308,454293,790923,559006,349255,32680,973570,1049754,16026,445232,705058,378360,300770,177881,1026.0,73657,276723,19625353.883040935,0.2,37.3,72.0,26.6
20261,11170,용산구,CS100010,커피-음료,21826951029,2209489,15337099212,6489851817,2707315094,2983893634,2965964958,3060249992,3619675534,3652701439,2837150378,139502178,2761921904,7901611948,5977253927,4209599245,837061827,7573411544,10899239223,113953817,4454458273,6145897833,3604882564,2769448521,1384009762,1623941,585548,299758,325349,309473,329902,359459,321318,264230,7469,439275,803903,569249,351142,38451,870893,1130575,15493,473613,669039,392692,297642,152992,1121.0,176024,212914,19470964.343443353,0.19,36.2,70.3,82.7
20261,11140,중구,CS100010,커피-음료,63300702618,7392952,53147880909,10152821709,9331405386,11018370892,9970646590,10974751536,11852706505,5870483254,4282338455,119635029,11533746678,27531809487,13771273000,8449252751,1894985673,26296094232,25749212943,194096582,7502969185,14933169322,14286656869,9916132514,5212282731,6207854,1185098,1154880,1267825,1163924,1296574,1324651,676193,508905,19004,2300762,2879379,1323361,750426,120020,3314501,3446552,25727,1034736,2180606,1781721,1199404,538872,1367.0,406487,120961,46306293.063643016,0.46,43.5,84.0,336.0
20261,11110,종로구,CS100010,커피-음료,63608671549,6023984,44865075734,18743595815,7985701256,8703998987,8647369793,9308882178,10219123520,10715585698,8028010117,151792018,7155152150,23587629955,18905521470,12225045294,1583530662,22538738228,33840602274,305142793,12050020845,15675705153,11080661922,10280188215,6987621548,4547696,1476288,822717,899131,879949,949273,996626,843674,632614,5173,1205816,2207402,1576035,940854,88704,2455001,3148932,32910,1146633,1669515,1150042,995033,609753,1567.0,223590,138891,40592642.979578815,0.41,37.1,70.5,161.0
