country_name,tendency,film_index,film_rank,avg_weekly_hours,real_tv_pct,real_film_pct,real_avg_min_series,real_avg_min_movies,data_source
Argentina,드라마 몰입형,20,76,20384247.78761062,84.93,15.07,92124.0,16352.0,실측(Comparitech)
Australia,영화 선호형,77,23,27501472.868217055,77.67,22.33,52673.0,15144.0,실측(Comparitech)
Austria,영화 선호형,76,24,23492743.902439024,84.21,15.79,50250.0,9422.0,실측(Comparitech)
Bahamas,영화 선호형,68,31,23294491.017964073,,,,,추정(순위 기반 지표)
Bahrain,중립형,44,54,21539947.08994709,,,,,추정(순위 기반 지표)
Bangladesh,영화 선호형,88,12,22184800.0,,,,,추정(순위 기반 지표)
Belgium,영화 선호형,84,16,23915764.70588235,81.24,18.76,60102.0,13883.0,실측(Comparitech)
Bolivia,드라마 몰입형,19,77,20956255.924170617,,,,,추정(순위 기반 지표)
Brazil,드라마 몰입형,16,80,19536329.11392405,84.08,15.92,80512.0,15240.0,실측(Comparitech)
Bulgaria,영화 선호형,74,25,23823976.608187135,91.21,8.79,44122.0,4253.0,실측(Comparitech)
Canada,영화 선호형,94,7,28671280.0,80.28,19.72,75979.0,18669.0,실측(Comparitech)
Chile,드라마 몰입형,18,78,20206137.339055795,86.57,13.43,85159.0,13212.0,실측(Comparitech)
Colombia,드라마 몰입형,11,85,19898860.75949367,78.84,21.16,65045.0,17461.0,실측(Comparitech)
Costa Rica,드라마 몰입형,9,87,20362576.419213973,,,,,추정(순위 기반 지표)
Croatia,영화 선호형,99,2,21164182.692307692,81.24,18.76,35854.0,8281.0,실측(Comparitech)
Cyprus,중립형,40,57,21748629.441624366,93.06,6.94,50616.0,3774.0,실측(Comparitech)
Czech Republic,영화 선호형,71,28,23195224.719101124,79.63,20.37,33380.0,8541.0,실측(Comparitech)
Denmark,영화 선호형,91,9,23550060.606060605,77.25,22.75,55682.0,16396.0,실측(Comparitech)
Dominican Republic,드라마 몰입형,12,84,20715502.392344497,,,,,추정(순위 기반 지표)
Ecuador,드라마 몰입형,1,94,20353698.630136985,,,,,추정(순위 기반 지표)
Egypt,중립형,38,59,24471633.986928105,87.21,12.79,54238.0,7953.0,실측(Comparitech)
El Salvador,드라마 몰입형,5,90,20877089.201877933,,,,,추정(순위 기반 지표)
Estonia,영화 선호형,89,11,23572411.76470588,85.8,14.2,39622.0,6555.0,실측(Comparitech)
Finland,드라마 몰입형,32,65,23338114.285714287,78.91,21.09,52344.0,13990.0,실측(Comparitech)
France,영화 선호형,72,27,24187169.811320756,83.83,16.17,65081.0,12553.0,실측(Comparitech)
Germany,영화 선호형,87,13,23582576.687116563,81.93,18.07,54272.0,11969.0,실측(Comparitech)
Greece,중립형,63,36,22195585.106382977,86.93,13.07,51040.0,7672.0,실측(Comparitech)
Guadeloupe,중립형,53,45,23256294.11764706,,,,,추정(순위 기반 지표)
Guatemala,드라마 몰입형,7,88,20284484.304932736,,,,,추정(순위 기반 지표)
Honduras,드라마 몰입형,3,92,20209911.111111112,,,,,추정(순위 기반 지표)
Hong Kong,중립형,37,60,25797642.276422765,,,,,추정(순위 기반 지표)
Hungary,중립형,59,40,20970717.70334928,84.69,15.31,33559.0,6068.0,실측(Comparitech)
Iceland,영화 선호형,100,1,23720416.666666668,87.98,12.02,44690.0,6105.0,실측(Comparitech)
India,중립형,56,42,22829270.0729927,76.15,23.85,50480.0,15813.0,실측(Comparitech)
Indonesia,드라마 몰입형,26,71,23992482.269503545,82.19,17.81,32767.0,7100.0,실측(Comparitech)
Ireland,중립형,54,44,27877000.0,80.34,19.66,60931.0,14909.0,실측(Comparitech)
Israel,드라마 몰입형,27,70,22471611.111111112,88.5,11.5,50641.0,6578.0,실측(Comparitech)
Italy,중립형,36,61,21806526.315789472,80.55,19.45,52725.0,12733.0,실측(Comparitech)
Jamaica,중립형,57,41,23379880.23952096,,,,,추정(순위 기반 지표)
Japan,드라마 몰입형,14,82,35443692.307692304,,,,,추정(순위 기반 지표)
Jordan,드라마 몰입형,28,69,23327619.04761905,,,,,추정(순위 기반 지표)
Kenya,영화 선호형,78,22,25897769.78417266,,,,,추정(순위 기반 지표)
Kuwait,중립형,47,51,22344525.139664803,,,,,추정(순위 기반 지표)
Latvia,영화 선호형,95,6,23908622.754491016,85.12,14.88,44509.0,7782.0,실측(Comparitech)
Lebanon,드라마 몰입형,33,64,22534628.57142857,90.51,9.49,56502.0,5921.0,실측(Comparitech)
Lithuania,영화 선호형,82,18,23355200.0,86.08,13.92,32666.0,5283.0,실측(Comparitech)
Luxembourg,영화 선호형,80,20,20425023.696682464,,,,,추정(순위 기반 지표)
Malaysia,드라마 몰입형,24,72,22109824.56140351,,,,,추정(순위 기반 지표)
Maldives,영화 선호형,85,15,20302653.06122449,,,,,추정(순위 기반 지표)
Malta,중립형,55,43,23306706.586826347,86.99,13.01,32835.0,4910.0,실측(Comparitech)
Martinique,중립형,51,47,23089883.720930234,,,,,추정(순위 기반 지표)
Mauritius,영화 선호형,79,21,21939661.01694915,,,,,추정(순위 기반 지표)
Mexico,드라마 몰입형,21,75,21034784.688995216,80.04,19.96,77259.0,19266.0,실측(Comparitech)
Morocco,중립형,67,32,21994054.054054055,,,,,추정(순위 기반 지표)
Netherlands,중립형,60,39,24361375.0,78.72,21.28,57950.0,15663.0,실측(Comparitech)
New Caledonia,영화 선호형,81,19,25029931.03448276,,,,,추정(순위 기반 지표)
New Zealand,영화 선호형,93,8,26882992.700729925,75.41,24.59,55884.0,18220.0,실측(Comparitech)
Nicaragua,드라마 몰입형,2,93,20565954.545454547,,,,,추정(순위 기반 지표)
Nigeria,영화 선호형,90,10,27688461.53846154,,,,,추정(순위 기반 지표)
Norway,영화 선호형,96,5,23192189.349112425,79.18,20.82,55165.0,14507.0,실측(Comparitech)
Oman,드라마 몰입형,4,91,20636614.583333332,,,,,추정(순위 기반 지표)
Pakistan,중립형,46,52,22858733.333333332,,,,,추정(순위 기반 지표)
Panama,드라마 몰입형,15,81,20022911.392405063,,,,,추정(순위 기반 지표)
Paraguay,드라마 몰입형,10,86,20050000.0,,,,,추정(순위 기반 지표)
Peru,드라마 몰입형,6,89,20535500.0,73.62,26.38,87439.0,31336.0,실측(Comparitech)
Philippines,드라마 몰입형,22,74,24419583.333333332,,,,,추정(순위 기반 지표)
Poland,드라마 몰입형,29,68,22425573.770491805,81.27,18.73,45166.0,10407.0,실측(Comparitech)
Portugal,드라마 몰입형,31,66,20670963.302752294,84.6,15.4,55467.0,10098.0,실측(Comparitech)
Qatar,중립형,35,62,21852722.222222224,90.75,9.25,27961.0,2850.0,실측(Comparitech)
Romania,중립형,48,50,23355885.714285713,79.19,20.81,58801.0,15449.0,실측(Comparitech)
Russia,중립형,45,53,21479175.25773196,,,,,추정(순위 기반 지표)
Réunion,중립형,43,55,23184556.21301775,,,,,추정(순위 기반 지표)
Saudi Arabia,중립형,50,48,21496574.58563536,85.64,14.36,49309.0,8266.0,실측(Comparitech)
Serbia,영화 선호형,69,30,21904175.25773196,81.1,18.9,43399.0,10114.0,실측(Comparitech)
Singapore,드라마 몰입형,30,67,23408859.060402684,93.65,6.35,59259.0,4018.0,실측(Comparitech)
Slovakia,영화 선호형,83,17,21680555.555555556,80.42,19.58,27678.0,6738.0,실측(Comparitech)
Slovenia,중립형,64,35,24415398.773006134,88.05,11.95,45419.0,6163.0,실측(Comparitech)
South Africa,중립형,65,34,26020349.65034965,83.68,16.32,54815.0,10689.0,실측(Comparitech)
South Korea,중립형,39,58,27315742.574257426,,,,,추정(순위 기반 지표)
Spain,중립형,61,38,21584522.61306533,82.85,17.15,62949.0,13033.0,실측(Comparitech)
Sri Lanka,중립형,62,37,21086236.559139784,,,,,추정(순위 기반 지표)
Sweden,영화 선호형,73,26,24100920.245398775,77.83,22.17,58159.0,16568.0,실측(Comparitech)
Switzerland,영화 선호형,86,14,21512804.23280423,82.81,17.19,66748.0,13859.0,실측(Comparitech)
Taiwan,중립형,52,46,24888787.87878788,,,,,추정(순위 기반 지표)
Thailand,드라마 몰입형,23,73,23178782.051282052,,,,,추정(순위 기반 지표)
Trinidad and Tobago,영화 선호형,97,4,22736000.0,,,,,추정(순위 기반 지표)
Turkey,중립형,49,49,22404400.0,84.94,15.06,33777.0,5991.0,실측(Comparitech)
Ukraine,중립형,66,33,21596994.81865285,,,,,추정(순위 기반 지표)
United Arab Emirates,중립형,41,56,21528961.74863388,73.56,26.44,42419.0,15249.0,실측(Comparitech)
United Kingdom,영화 선호형,98,3,27231562.5,79.27,20.73,62520.0,16354.0,실측(Comparitech)
United States,영화 선호형,70,29,23143068.181818184,84.93,15.07,75282.0,13362.0,실측(Comparitech)
Uruguay,드라마 몰입형,34,63,20210044.052863438,,,,,추정(순위 기반 지표)
Venezuela,드라마 몰입형,13,83,19936764.70588235,,,,,추정(순위 기반 지표)
Vietnam,드라마 몰입형,17,79,25378739.49579832,,,,,추정(순위 기반 지표)
