country_name,avg_cum_weeks_Films,avg_cum_weeks_TV,unique_titles_Films,unique_titles_TV,tv_stickiness_ratio,tv_diversity_ratio,cluster
Argentina,1.603448275862069,4.941379310344828,169,66,3.0817204301075267,0.3905325443786982,0
Australia,1.603448275862069,2.6724137931034484,168,89,1.6666666666666667,0.5297619047619048,1
Austria,1.6655172413793105,2.786206896551724,157,75,1.67287784679089,0.47770700636942676,1
Bahamas,1.5862068965517242,2.7586206896551726,170,78,1.7391304347826086,0.4588235294117647,1
Bahrain,1.706896551724138,3.3,161,71,1.9333333333333333,0.4409937888198758,1
Bangladesh,2.589655172413793,4.093103448275862,132,52,1.5805592543275633,0.3939393939393939,2
Belgium,1.7275862068965517,2.831034482758621,155,76,1.6387225548902198,0.49032258064516127,1
Bolivia,2.0724137931034483,6.410344827586207,148,47,3.093178036605657,0.31756756756756754,0
Brazil,1.5931034482758621,5.186206896551724,169,72,3.255411255411255,0.4260355029585799,0
Bulgaria,1.9344827586206896,3.2379310344827585,150,65,1.6737967914438503,0.43333333333333335,1
Canada,1.6827586206896552,2.6206896551724137,164,93,1.5573770491803278,0.5670731707317073,1
Chile,1.706896551724138,5.286206896551724,165,62,3.096969696969697,0.37575757575757573,0
Colombia,1.9206896551724137,6.93448275862069,150,60,3.6104129263913824,0.4,0
Costa Rica,1.7310344827586206,6.706896551724138,167,59,3.8745019920318726,0.3532934131736527,0
Croatia,2.1448275862068966,3.106896551724138,126,63,1.4485530546623793,0.5,2
Cyprus,1.8413793103448275,3.606896551724138,146,66,1.958801498127341,0.4520547945205479,1
Czech Republic,2.268965517241379,3.8551724137931034,125,58,1.6990881458966567,0.464,2
Denmark,1.7275862068965517,2.703448275862069,156,88,1.564870259481038,0.5641025641025641,1
Dominican Republic,1.589655172413793,5.620689655172414,172,64,3.535791757049892,0.37209302325581395,0
Ecuador,1.693103448275862,7.23448275862069,169,45,4.272912423625255,0.26627218934911245,0
Egypt,2.086206896551724,4.244827586206896,130,51,2.0347107438016527,0.3923076923076923,2
El Salvador,1.703448275862069,6.744827586206896,168,54,3.9595141700404857,0.32142857142857145,0
Estonia,1.9586206896551723,3.089655172413793,139,60,1.5774647887323945,0.4316546762589928,2
Finland,1.7310344827586206,3.627586206896552,156,82,2.0956175298804784,0.5256410256410257,1
France,1.6310344827586207,2.7620689655172415,163,74,1.693446088794926,0.4539877300613497,1
Germany,1.7379310344827585,2.786206896551724,153,76,1.603174603174603,0.49673202614379086,1
Greece,1.717241379310345,3.0206896551724136,155,72,1.7590361445783131,0.4645161290322581,1
Guadeloupe,1.610344827586207,2.8793103448275863,169,79,1.7880085653104925,0.46745562130177515,1
Guatemala,1.803448275862069,7.006896551724138,158,50,3.88527724665392,0.31645569620253167,0
Honduras,1.6827586206896552,7.058620689655172,164,49,4.194672131147541,0.29878048780487804,0
Hong Kong,1.7758620689655173,3.6413793103448278,151,68,2.050485436893204,0.4503311258278146,1
Hungary,2.1586206896551725,3.8241379310344827,122,62,1.7715654952076676,0.5081967213114754,2
Iceland,1.903448275862069,2.713793103448276,141,78,1.4257246376811594,0.5531914893617021,1
India,2.8241379310344827,5.006896551724138,125,42,1.7728937728937728,0.336,2
Indonesia,1.8413793103448275,4.796551724137931,142,56,2.604868913857678,0.39436619718309857,0
Ireland,1.5862068965517242,2.8275862068965516,167,77,1.7826086956521738,0.46107784431137727,1
Israel,1.806896551724138,4.63103448275862,151,68,2.5629770992366407,0.4503311258278146,1
Italy,1.6310344827586207,3.3551724137931034,167,67,2.0570824524312896,0.40119760479041916,1
Jamaica,1.5862068965517242,2.810344827586207,170,71,1.7717391304347825,0.4176470588235294,1
Japan,1.7689655172413794,6.2172413793103445,157,65,3.514619883040935,0.4140127388535032,0
Jordan,1.893103448275862,4.382758620689655,154,51,2.31511839708561,0.33116883116883117,0
Kenya,1.6896551724137931,2.8137931034482757,160,81,1.6653061224489794,0.50625,1
Kuwait,1.7758620689655173,3.320689655172414,156,69,1.869902912621359,0.4423076923076923,1
Latvia,1.9827586206896552,3.079310344827586,139,62,1.5530434782608695,0.4460431654676259,2
Lebanon,1.9172413793103449,4.003448275862069,145,52,2.0881294964028774,0.3586206896551724,2
Lithuania,2.013793103448276,3.3275862068965516,133,54,1.6523972602739725,0.40601503759398494,2
Luxembourg,1.8379310344827586,3.037931034482759,150,70,1.652908067542214,0.4666666666666667,1
Malaysia,1.6517241379310346,4.3517241379310345,164,69,2.6346555323590812,0.42073170731707316,1
Maldives,2.3275862068965516,3.786206896551724,123,69,1.6266666666666667,0.5609756097560976,2
Malta,1.6344827586206896,2.910344827586207,160,66,1.780590717299578,0.4125,1
Martinique,1.6517241379310346,2.975862068965517,163,78,1.8016701461377869,0.4785276073619632,1
Mauritius,1.793103448275862,2.9827586206896552,151,76,1.6634615384615385,0.5033112582781457,1
Mexico,1.7,4.624137931034483,169,65,2.7200811359026367,0.38461538461538464,0
Morocco,1.9379310344827587,3.386206896551724,140,58,1.7473309608540923,0.4142857142857143,2
Netherlands,1.6896551724137931,2.986206896551724,155,71,1.76734693877551,0.45806451612903226,1
New Caledonia,1.7275862068965517,2.8551724137931034,153,72,1.652694610778443,0.47058823529411764,1
New Zealand,1.5482758620689656,2.413793103448276,176,90,1.5590200445434297,0.5113636363636364,1
Nicaragua,1.6620689655172414,7.041379310344827,171,51,4.236514522821577,0.2982456140350877,0
Nigeria,2.3241379310344827,3.6448275862068966,123,65,1.5682492581602374,0.5284552845528455,2
Norway,1.7862068965517242,2.7620689655172415,150,88,1.5463320463320465,0.5866666666666667,1
Oman,1.7862068965517242,7.2827586206896555,154,48,4.077220077220077,0.3116883116883117,0
Pakistan,2.8586206896551722,5.4,119,50,1.8890229191797347,0.42016806722689076,2
Panama,1.6724137931034482,5.76551724137931,164,68,3.4474226804123713,0.4146341463414634,0
Paraguay,1.6344827586206896,6.1,166,61,3.7320675105485233,0.3674698795180723,0
Peru,1.6482758620689655,6.410344827586207,170,51,3.889121338912134,0.3,0
Philippines,1.5379310344827586,4.1689655172413795,169,69,2.7107623318385654,0.40828402366863903,1
Poland,1.6482758620689655,3.7655172413793103,157,62,2.284518828451883,0.39490445859872614,1
Portugal,1.8586206896551725,3.9310344827586206,147,59,2.1150278293135436,0.4013605442176871,2
Qatar,1.6413793103448275,3.4172413793103447,165,78,2.081932773109244,0.4727272727272727,1
Romania,1.5827586206896551,2.9413793103448276,168,79,1.8583877995642701,0.47023809523809523,1
Russia,2.7517241379310344,5.313793103448276,94,42,1.9310776942355892,0.44680851063829785,2
Réunion,1.6137931034482758,3.1379310344827585,162,81,1.9444444444444444,0.5,1
Saudi Arabia,1.9655172413793103,3.617241379310345,146,60,1.8403508771929826,0.410958904109589,2
Serbia,2.027586206896552,3.503448275862069,138,55,1.727891156462585,0.39855072463768115,2
Singapore,1.5689655172413792,3.4448275862068964,168,72,2.195604395604396,0.42857142857142855,1
Slovakia,2.2241379310344827,3.6517241379310343,120,58,1.6418604651162791,0.48333333333333334,2
Slovenia,1.910344827586207,3.3517241379310345,146,58,1.7545126353790614,0.3972602739726027,2
South Africa,1.6517241379310346,2.896551724137931,162,82,1.7536534446764092,0.5061728395061729,1
South Korea,2.2551724137931033,4.472413793103448,132,58,1.9831804281345566,0.4393939393939394,2
Spain,1.7275862068965517,3.0517241379310347,153,69,1.7664670658682635,0.45098039215686275,1
Sri Lanka,1.896551724137931,3.3413793103448275,146,59,1.7618181818181817,0.4041095890410959,2
Sweden,1.7241379310344827,2.896551724137931,151,87,1.6800000000000002,0.5761589403973509,1
Switzerland,1.8379310344827586,2.972413793103448,146,73,1.6172607879924952,0.5,1
Taiwan,2.331034482758621,4.172413793103448,144,63,1.7899408284023668,0.4375,2
Thailand,1.796551724137931,4.824137931034483,148,64,2.685220729366603,0.43243243243243246,0
Trinidad and Tobago,1.6206896551724137,2.4793103448275864,174,82,1.5297872340425533,0.47126436781609193,1
Turkey,1.8689655172413793,3.462068965517241,146,66,1.8523985239852399,0.4520547945205479,1
Ukraine,2.4379310344827587,4.268965517241379,112,50,1.751060820367751,0.44642857142857145,2
United Arab Emirates,1.6517241379310346,3.231034482758621,163,79,1.9561586638830897,0.48466257668711654,1
United Kingdom,1.6724137931034482,2.503448275862069,160,88,1.4969072164948454,0.55,1
United States,1.9,3.2551724137931033,144,75,1.7132486388384756,0.5208333333333334,1
Uruguay,1.5206896551724138,3.168965517241379,175,77,2.0839002267573696,0.44,1
Venezuela,1.8310344827586207,6.451724137931034,151,53,3.5235404896421842,0.3509933774834437,0
Vietnam,2.0172413793103448,6.479310344827586,140,46,3.211965811965812,0.32857142857142857,0
