"기준_년분기_코드","행정동_코드","행정동_코드_명","지출_총금액","식료품_지출_총금액","의류_신발_지출_총금액","생활용품_지출_총금액","의료비_지출_총금액","교통_지출_총금액","교육_지출_총금액","유흥_지출_총금액","여가_문화_지출_총금액","기타_지출_총금액","음식_지출_총금액"
"20261","11740","강동구","96775845000","21862757000","1824834000","1216143000","22161337000","3559548000","6928580000","2041310000","9644968000","3712304000","23824064000"
"20261","11710","송파구","449367386000","35894273000","6110959000","3553544000","41478092000","8566590000","11046553000","3762905000","284639591000","8150816000","46164063000"
"20261","11680","강남구","2710784985000","35814051000","26201042000","5161456000","153744188000","24586469000","31417965000","7184808000","1476538468000","874752037000","75384501000"
"20261","11650","서초구","652677059000","20675524000","4641988000","4842460000","71576263000","5969556000","12053922000","3546359000","307633042000","175848921000","45889024000"
"20261","11620","관악구","111972238000","28289595000","2216440000","1385612000","18870503000","3210979000","13411464000","3965565000","7082659000","4244131000","29295290000"
"20261","11590","동작구","168445666000","26201638000","1091564000","1602924000","20568121000","80938730000","4832292000","1807968000","4643503000","3524375000","23234551000"
"20261","11560","영등포구","2004722616000","27398960000","3857473000","2399054000","29140768000","165457963000","4072606000","3290169000","1682430079000","41477637000","45197907000"
"20261","11545","금천구","70375264000","14382433000","10782342000","996523000","10354755000","3775614000","1459172000","1282028000","12787379000","1852537000","12702481000"
"20261","11530","구로구","2103655820000","25024704000","1345669000","1753120000","25005106000","4118358000","4140310000","2169275000","2014457780000","4368250000","21273248000"
"20261","11500","강서구","189215075000","30133374000","6012101000","2089676000","35618293000","42777595000","7472582000","3379253000","14116229000","13519357000","34096615000"
"20261","11470","양천구","108851702000","25196356000","1247183000","1171106000","24573360000","6665570000","13442541000","1567080000","11228855000","3717904000","20041747000"
"20261","11440","마포구","237641805000","27943729000","7177148000","2237456000","21522747000","3428076000","8957350000","6504836000","98310292000","8568163000","52992008000"
"20261","11410","서대문구","129325635000","15660937000","1084874000","763029000","76847291000","3328744000","3825511000","1567182000","4391994000","3116525000","18739548000"
"20261","11380","은평구","90125553000","22199707000","4084969000","1573742000","22206351000","3937587000","5185256000","2443983000","4195913000","3453840000","20844205000"
"20261","11350","노원구","122185418000","36213531000","1487225000","1324601000","22742224000","4606819000","9419231000","2612479000","11625715000","4846410000","27307183000"
"20261","11320","도봉구","49570458000","14177886000","1007315000","949617000","7722649000","4914893000","2766187000","1183384000","2774648000","1925551000","12148328000"
"20261","11305","강북구","59709633000","15164950000","1167556000","990629000","12846266000","3092346000","1562034000","2145799000","3505333000","3136876000","16097844000"
"20261","11290","성북구","80728603000","21900115000","1649066000","961327000","12323724000","5488023000","4904820000","1938451000","7252238000","3105405000","21205434000"
"20261","11260","중랑구","65086916000","19066666000","1229489000","1091547000","11650040000","4688011000","2667861000","2125865000","3283518000","2506279000","16777640000"
"20261","11230","동대문구","91941998000","26337608000","1929133000","1275618000","25364823000","4630112000","3535426000","1630525000","4405540000","2279996000","20553217000"
"20261","11215","광진구","94451827000","20950693000","2093308000","2255814000","16196934000","5769898000","3717633000","3014245000","6021191000","4488640000","29943471000"
"20261","11200","성동구","109852263000","19461288000","5565833000","1058582000","12586947000","5797134000","3172639000","1726930000","21386063000","14173603000","24923244000"
"20261","11170","용산구","280465663000","153543069000","2584010000","5422781000","6692516000","3023894000","1509882000","2993463000","42064826000","26187328000","36443894000"
"20261","11140","중구","3252467513000","14680113000","7644086000","7347184000","14717730000","479181167000","19238672000","2230451000","2613184497000","57507798000","36735815000"
"20261","11110","종로구","229891838000","15001705000","5420784000","1247081000","24073538000","5935244000","7698637000","3548175000","17506830000","104341216000","45118628000"
"20254","11740","강동구","125480431000","22612391000","2511143000","1368719000","22532253000","3619469000","6517311000","2269705000","35327090000","3849285000","24873065000"
"20254","11710","송파구","335828162000","37816685000","7614482000","4007271000","41475672000","8314421000","10510816000","4129842000","163598016000","8231512000","50129445000"
"20254","11680","강남구","2866952042000","37646156000","31240534000","5147742000","147911614000","24904940000","31596394000","8237674000","1624806426000","875171566000","80288996000"
"20254","11650","서초구","638046416000","21727041000","5377514000","6494815000","70149357000","5854229000","11902349000","3870529000","286110024000","176716170000","49844388000"
"20254","11620","관악구","115440723000","29355117000","2774908000","1366403000","19082178000","3278183000","13417497000","4231453000","7139685000","4474020000","30321279000"
"20254","11590","동작구","177513770000","28144139000","1320119000","1794083000","20077095000","86033397000","4385849000","2100060000","4266891000","3837424000","25554713000"
"20254","11560","영등포구","1981194239000","26685389000","4838068000","2873023000","28904192000","130737727000","3766051000","3666503000","1691338280000","41147808000","47237198000"
"20254","11545","금천구","76418314000","15968928000","14006711000","1006560000","10257502000","3992915000","1455797000","1425163000","12858647000","1998675000","13447416000"
"20254","11530","구로구","2124043697000","26185645000","1518517000","1811209000","25433008000","4593483000","3810751000","2262731000","2030787018000","4843827000","22797508000"
"20254","11500","강서구","188832074000","32483989000","6703208000","2092641000","35346444000","35781119000","7049331000","3699571000","13462409000","16156200000","36057162000"
"20254","11470","양천구","110766295000","25427472000","1252986000","1390235000","24181260000","6947285000","13036547000","1751837000","12112655000","3730715000","20935303000"
"20254","11440","마포구","241875248000","29902250000","7465469000","2596637000","21447177000","3638554000","9381349000","6991477000","95285680000","9057656000","56108999000"
"20254","11410","서대문구","133354237000","16530902000","1289934000","803060000","79085837000","3160728000","3931982000","1656760000","4165138000","3075531000","19654365000"
"20254","11380","은평구","93514361000","23133147000","4644827000","1781175000","22093222000","4240878000","5032781000","2630048000","4338560000","3627860000","21991863000"
"20254","11350","노원구","126302371000","37974555000","1591250000","1598031000","22310088000","4536280000","8763326000","2686014000","12760065000","5118124000","28964638000"
"20254","11320","도봉구","52010147000","15399094000","1210307000","1028220000","7544199000","5254353000","2528515000","1346714000","2806262000","1965348000","12927135000"
"20254","11305","강북구","61557168000","15551131000","1479692000","1118581000","12425093000","3443903000","1509480000","2453108000","3793043000","2931201000","16851936000"
"20254","11290","성북구","83366280000","22443251000","1740750000","1003229000","12433744000","5816900000","4081528000","2207197000","7194306000","3411750000","23033625000"
"20254","11260","중랑구","68417365000","20090682000","1438159000","1271443000","11653029000","5003601000","2521569000","2428765000","3472740000","2683032000","17854345000"
"20254","11230","동대문구","97192184000","27335288000","2426729000","1518995000","26733480000","4812739000","3425553000","1862446000","4552781000","2381155000","22143018000"
"20254","11215","광진구","98844247000","22040640000","2686441000","2193193000","16210875000","6433725000","3543615000","3250994000","6018257000","4797836000","31668671000"
"20254","11200","성동구","114278746000","20238554000","6343432000","1083687000","12473782000","6487395000","3077730000","2017515000","20002814000","15494564000","27059273000"
"20254","11170","용산구","282759724000","152736857000","3146406000","5642051000","6145612000","2857890000","1489916000","3498329000","41725908000","27153168000","38363587000"
"20254","11140","중구","3372072763000","15610814000","9399154000","6243393000","14704576000","474002832000","20094429000","2588645000","2732554487000","56196795000","40677638000"
"20254","11110","종로구","231453189000","16113374000","5997586000","1154201000","24957386000","6540907000","2665217000","4131313000","16417031000","102987766000","50488408000"
"20253","11740","강동구","161127112000","22879724000","2001922000","1315300000","22780790000","3692996000","6989643000","2293080000","70081462000","4025015000","25067180000"
"20253","11710","송파구","334134446000","39163365000","5745076000","3896649000","41004030000","9000143000","11455617000","4048287000","163208331000","8091141000","48521807000"
"20253","11680","강남구","2783515255000","40472415000","27109607000","5167354000","141837296000","27046085000","38506124000","8734085000","1529846736000","884059386000","80736167000"
"20253","11650","서초구","591251487000","23383196000","5028153000","10259000000","69859567000","6263826000","13611870000","3831754000","239761172000","172022001000","47230948000"
"20253","11620","관악구","118146731000","30482035000","2355399000","1834648000","19594353000","3606870000","13910208000","4138658000","7551124000","4769989000","29903447000"
"20253","11590","동작구","172497544000","26053666000","1020477000","1815413000","19801843000","84203912000","4868614000","1999626000","4689538000","4149358000","23895097000"
"20253","11560","영등포구","1927924150000","28437715000","3838807000","3110241000","28791776000","111676716000","4205324000","3504799000","1666810823000","30578246000","46969703000"
"20253","11545","금천구","71898495000","16133452000","9354415000","993926000","10320433000","4312623000","1431560000","1482325000","12304000000","2014901000","13550860000"
"20253","11530","구로구","2080870266000","25776909000","1250719000","1816057000","26095834000","4487987000","4033055000","2334216000","1987910077000","4316317000","22849095000"
"20253","11500","강서구","192553555000","33254353000","5745101000","2223429000","34748782000","32870888000","7538367000","3835109000","19765620000","16871992000","35699914000"
"20253","11470","양천구","113151750000","26120621000","1048164000","1230427000","24368988000","7172558000","15215591000","1747832000","11104177000","3736210000","21407182000"
"20253","11440","마포구","234048700000","37632701000","6778323000","2343245000","21381098000","3810116000","9984010000","6993480000","82807527000","8917590000","53400610000"
"20253","11410","서대문구","132599175000","17053392000","1102843000","908568000","77661535000","3141407000","4249583000","1584643000","4679995000","3036889000","19180320000"
"20253","11380","은평구","93748028000","23510521000","3757165000","2001853000","21660668000","4549899000","5487009000","2641995000","4583837000","3694011000","21861070000"
"20253","11350","노원구","125653160000","37478047000","1461681000","1719486000","22452902000","4705181000","10182289000","2699591000","11910821000","5107787000","27935375000"
"20253","11320","도봉구","53330537000","15825311000","905729000","978549000","7810406000","5639614000","2836538000","1340094000","2877318000","1972774000","13144204000"
"20253","11305","강북구","61132394000","15578646000","1294833000","1150562000","12239137000","3564957000","1638789000","2338818000","3573328000","2897161000","16856163000"
"20253","11290","성북구","83941367000","22565548000","1454513000","1033972000","12380285000","6142643000","5054996000","2179168000","7545399000","3459732000","22125111000"
"20253","11260","중랑구","69569679000","20729970000","1104139000","1146432000","12031127000","5187752000","2715311000","2419251000","3695932000","2720857000","17818908000"
"20253","11230","동대문구","93408471000","26935304000","1990975000","1552160000","24025962000","5070035000","3576863000","1839427000","4665772000","2453630000","21298343000"
"20253","11215","광진구","97987244000","22171142000","2337920000","2109093000","16581942000","6453437000","3812266000","3379877000","6419854000","4764562000","29957151000"
"20253","11200","성동구","113300732000","20595204000","5137396000","1029828000","14790708000","7097360000","3402715000","2028915000","18790659000","14547524000","25880423000"
"20253","11170","용산구","298204792000","173635240000","2797655000","7093449000","6138566000","2960204000","1469077000","3364485000","35545404000","27699602000","37501110000"
"20253","11140","중구","3385444980000","22908299000","8619525000","6140329000","15024146000","468079976000","21002683000","2587990000","2737349538000","66188462000","37544032000"
"20253","11110","종로구","226556563000","16433808000","5039672000","1099799000","25378559000","5635437000","6882535000","3972673000","17029550000","99807447000","45277083000"
"20252","11740","강동구","153036058000","22218893000","2286072000","1377611000","21832984000","3318637000","6671614000","2409501000","64069792000","3867347000","24983607000"
"20252","11710","송파구","336242667000","38101391000","7068633000","3736489000","39305378000","8222080000","10717559000","4335780000","166891496000","7998696000","49865165000"
"20252","11680","강남구","2690262619000","39502574000","28897502000","5050403000","132189747000","25643143000","35983932000","8696543000","1458539022000","877503342000","78256411000"
"20252","11650","서초구","637351297000","22390349000","5221820000","12386039000","66190257000","6119069000","12373261000","4033343000","279483456000","182090087000","47063616000"
"20252","11620","관악구","115714013000","29439311000","2777161000","1321251000","18680473000","3206735000","14074989000","4396195000","7106130000","4482323000","30229445000"
"20252","11590","동작구","167931470000","25720230000","1301385000","1787490000","18593280000","80591960000","4510639000","2088339000","4488214000","3800602000","25049331000"
"20252","11560","영등포구","1788658421000","26183098000","4327438000","2937386000","27285191000","111214880000","3834943000","3791691000","1537824487000","24713865000","46545442000"
"20252","11545","금천구","71606330000","15253495000","11976760000","1037049000","9724618000","3942969000","1429439000","1654252000","11043547000","1884537000","13659664000"
"20252","11530","구로구","1984837896000","25364646000","1541908000","1804137000","24847429000","3897043000","3792648000","2391601000","1894096337000","4432131000","22670016000"
"20252","11500","강서구","223597629000","31880624000","5995072000","2025220000","33727145000","29681657000","7159353000","4083666000","56849622000","16654924000","35540346000"
"20252","11470","양천구","107661539000","25034664000","1396680000","1062723000","22842394000","5867181000","13754579000","1829638000","11490628000","3639494000","20743558000"
"20252","11440","마포구","227849217000","30401267000","7126065000","2044783000","20513781000","3186746000","9153145000","6910530000","86807541000","8419244000","53286115000"
"20252","11410","서대문구","132769976000","16949277000","1312871000","812758000","77783617000","2881289000","4130988000","1621934000","4181711000","2985092000","20110439000"
"20252","11380","은평구","90599856000","22478922000","4046486000","1682280000","20649443000","4376087000","5093746000","2753941000","4235843000","3591563000","21691545000"
"20252","11350","노원구","123836297000","38024287000","1698904000","1448002000","21937079000","4353636000","8730586000","2841610000","11792467000","4911938000","28097788000"
"20252","11320","도봉구","51379751000","15119053000","1010630000","915001000","7539250000","4907546000","2575505000","1383112000","2892020000","1919147000","13118487000"
"20252","11305","강북구","60103519000","14867555000","1585405000","1179059000","11776861000","3268785000","1506630000","2382862000","3582876000","3125060000","16828426000"
"20252","11290","성북구","84383556000","23020391000","1747674000","1076090000","11937876000","5538977000","4214742000","2374220000","7328182000","3258845000","23886559000"
"20252","11260","중랑구","68222026000","20024256000","1487558000","1105303000","11476168000","4825599000","2555512000","2610533000","3638992000","2467220000","18030885000"
"20252","11230","동대문구","91374946000","26067507000","2588459000","1445948000","22012651000","4837254000","3277873000","1925259000","4721227000","2316042000","22182726000"
"20252","11215","광진구","98628825000","22265911000","2775448000","2043520000","16114368000","5834775000","3575893000","3566639000","6406038000","4627904000","31418329000"
"20252","11200","성동구","111614407000","20306270000","5698878000","1095140000","14721984000","6668162000","3156275000","2134272000","17072161000","13962422000","26798843000"
"20252","11170","용산구","262759531000","156257900000","3227641000","6563356000","6075146000","3038465000","1386855000","2997422000","21311165000","27341447000","34560134000"
"20252","11140","중구","3099455869000","36418514000","8980240000","5860635000","14510632000","469305291000","21744992000","2764790000","2427277258000","75012370000","37581147000"
"20252","11110","종로구","220175332000","16795135000","5436063000","1085373000","24765031000","5666870000","2949820000","4434113000","15186633000","95205804000","48650490000"
"20251","11740","강동구","158331461000","22302827000","1857054000","1535460000","22656800000","3169605000","6879294000","2340714000","69692632000","3874528000","24022547000"
"20251","11710","송파구","342571076000","37692661000","6009013000","3612729000","39878544000","8217993000","10747191000","4127332000","177986970000","7899396000","46399247000"
"20251","11680","강남구","2658787016000","38863476000","25775556000","5032985000","147272178000","25461468000","36880228000","8563452000","1404732048000","888140134000","78065491000"
"20251","11650","서초구","656368012000","21231042000","4386260000","12857816000","71861896000","6082918000","12989806000","4096352000","291547870000","184733210000","46580842000"
"20251","11620","관악구","114712610000","29510117000","2171097000","1549620000","18671642000","3119379000","14432256000","4455874000","7015469000","4435567000","29351589000"
"20251","11590","동작구","159525089000","26274814000","943689000","1486361000","17702284000","75574321000","4223553000","2046261000","4332049000","3700100000","23241657000"
"20251","11560","영등포구","1604654736000","27506713000","3516374000","2706926000","26481589000","59681880000","3846438000","3754106000","1406706133000","24855792000","45598785000"
"20251","11545","금천구","69743738000","15136358000","11049978000","978683000","9204078000","3577706000","1491776000","1524004000","11725494000","1994510000","13061151000"
"20251","11530","구로구","1870088841000","24709136000","1301665000","1867278000","23715056000","4245494000","3815423000","2334385000","1782704856000","4047639000","21347909000"
"20251","11500","강서구","228058155000","32194258000","5307409000","2064368000","33825707000","33112165000","7186712000","4042651000","60112334000","15517746000","34694805000"
"20251","11470","양천구","106336088000","24955396000","1288145000","1121515000","22704743000","5493879000","14192619000","1738828000","11120101000","3755681000","19965181000"
"20251","11440","마포구","219954123000","29841824000","6090441000","2022476000","20292821000","3361384000","8813817000","7274871000","79652673000","8253259000","54350557000"
"20251","11410","서대문구","131597113000","16061235000","1069798000","800312000","79287533000","3064806000","3903337000","1615061000","4220989000","3034801000","18539241000"
"20251","11380","은평구","88506090000","22177558000","3751021000","1409422000","20394418000","4429864000","5126992000","2627790000","4301930000","3612368000","20674727000"
"20251","11350","노원구","120926699000","36788860000","1355587000","1177666000","21626280000","4345566000","9278977000","2797817000","11594245000","5015117000","26946584000"
"20251","11320","도봉구","49269298000","15056313000","852648000","939562000","7180051000","4628558000","2576096000","1283390000","2866245000","1906598000","11979837000"
"20251","11305","강북구","58451058000","14403164000","1226405000","1016471000","11736099000","3263638000","1589013000","2516255000","3546245000","3098965000","16054803000"
"20251","11290","성북구","80751856000","21619732000","1426192000","1020249000","12172922000","5572193000","4976910000","2136343000","7184200000","3246750000","21396365000"
"20251","11260","중랑구","66530182000","20194598000","1395684000","1017951000","11444607000","4845399000","2454787000","2486736000","3501045000","2624923000","16564452000"
"20251","11230","동대문구","88210647000","25857051000","2069948000","1270117000","21897164000","4696593000","3311849000","1818845000","4552707000","2348922000","20387451000"
"20251","11215","광진구","94422862000","21348233000","2326335000","1719396000","15426702000","5986305000","3596103000","3687377000","5945437000","4704749000","29682225000"
"20251","11200","성동구","101504181000","19829699000","4972817000","946039000","13940998000","5945612000","3262019000","2099480000","12593810000","12622348000","25291359000"
"20251","11170","용산구","251493608000","147937217000","2929503000","5855924000","5799829000","2791687000","1539579000","2900941000","22023122000","26129911000","33585895000"
"20251","11140","중구","3003447244000","35376829000","7473108000","5632037000","14115663000","441556607000","23452174000","2442641000","2363040711000","74139896000","36217578000"
"20251","11110","종로구","215509104000","15003580000","4487446000","1104919000","22974686000","5835583000","6691704000","3908868000","16786250000","94487297000","44228771000"
"20244","11740","강동구","153984559000","22815464000","2433371000","1788349000","23058926000","3331692000","6596329000","2604418000","61812280000","4130246000","25413484000"
"20244","11710","송파구","370776391000","38914502000","7780536000","4255751000","41404218000","8628413000","10524454000","4758652000","196223429000","8049725000","50236711000"
"20244","11680","강남구","2786953199000","41221267000","31826928000","4883340000","135860142000","27645005000","36996520000","9759218000","1486540549000","926111068000","86109162000"
"20244","11650","서초구","636011154000","22545018000","5146525000","13244810000","68277438000","6120497000","12334867000","4711749000","261611792000","190361817000","51656641000"
"20244","11620","관악구","118781585000","30139995000","2838874000","1622939000","19317938000","2800073000","14573448000","4744650000","6724224000","4724373000","31295071000"
"20244","11590","동작구","179893414000","27349779000","1229931000","1544737000","17671773000","91827354000","4041366000","2422232000","4206227000","3815340000","25784675000"
"20244","11560","영등포구","1156414569000","27394748000","4446286000","2880163000","26604056000","78841223000","3772355000","4289171000","933966237000","25409876000","48810454000"
"20244","11545","금천구","76883732000","15670173000","14905653000","1316137000","9974690000","3665345000","1423046000","1704617000","12547812000","2047780000","13628479000"
"20244","11530","구로구","1851637044000","25611104000","1604098000","2146198000","25131690000","5141076000","3672437000","2663413000","1758288428000","4267401000","23111199000"
"20244","11500","강서구","230072690000","33296542000","6290626000","2467487000","33639290000","39448863000","6895292000","4542095000","48889718000","17191267000","37411510000"
"20244","11470","양천구","108068231000","25248127000","1379754000","1130481000","22583514000","5887432000","13478868000","1884217000","11455856000","3847908000","21172074000"
"20244","11440","마포구","636314248000","31864794000","6921294000","2354849000","20544480000","3508850000","9313804000","7868690000","486852059000","8733717000","58351711000"
"20244","11410","서대문구","135847173000","17243792000","1331737000","924483000","79893815000","3131996000","3770634000","1748751000","4218717000","3159665000","20423583000"
"20244","11380","은평구","91375321000","22331681000","4413002000","1421814000","20606892000","4593881000","4986233000","2846705000","4425420000","3703676000","22046017000"
"20244","11350","노원구","126976646000","39167538000","1590706000","1474032000","21614585000","4508550000","8739345000","2860650000","12881242000","5151609000","28988389000"
"20244","11320","도봉구","51850173000","15788332000","1146636000","1009616000","7400239000","4806665000","2368377000","1351829000","2963173000","1918069000","13097237000"
"20244","11305","강북구","61335248000","14753913000","1647397000","1048258000","12160039000","3427434000","1557569000","2687130000","3804468000","3017356000","17231684000"
"20244","11290","성북구","84947365000","22744281000","1692833000","1186218000","12209575000","5831985000","4338977000","2271658000","7528447000","3281781000","23861610000"
"20244","11260","중랑구","69209559000","20884170000","1455174000","1318736000","11615589000","5085308000","2339609000","2635289000","3647713000","2580874000","17647097000"
"20244","11230","동대문구","93038276000","26431705000","2680681000","1488326000","22580123000","5148428000","3195605000","2062309000","4434866000","2426380000","22589853000"
"20244","11215","광진구","99285146000","21908350000","3091772000","1880777000","15529287000","6136071000","3234983000","3903979000","6128764000","5132880000","32338283000"
"20244","11200","성동구","102453510000","20750001000","4917669000","1031493000","13998731000","6069685000","3020242000","2404369000","8765454000","13824036000","27671830000"
"20244","11170","용산구","257459474000","144010110000","3454653000","6013933000","5962859000","2908816000","1433983000","3313653000","25525078000","28288678000","36547711000"
"20244","11140","중구","2855207987000","40031625000","9623266000","6146940000","14501677000","456712804000","24924512000","2856245000","2183745140000","75798806000","40866972000"
"20244","11110","종로구","223563557000","16470081000","5080642000","1235927000","23699442000","6753219000","2955300000","4627259000","17010336000","95450068000","50281283000"
"20243","11740","강동구","162161972000","24481332000","1804370000","1634080000","22502888000","3808858000","7163277000","2666292000","68759477000","4033935000","25307463000"
"20243","11710","송파구","392761576000","41648597000","6348733000","4087847000","40743388000","10025682000","11290330000","5119149000","217586056000","7877722000","48034072000"
"20243","11680","강남구","2776245420000","44405769000","29861224000","5250218000","135031972000","29648079000","42300735000","9674135000","1464157954000","932670997000","83244337000"
"20243","11650","서초구","612837694000","23874792000","4650173000","15817733000","66888467000","6446988000","14100124000","4620718000","241889109000","187106615000","47442975000"
"20243","11620","관악구","120112448000","31327142000","2348928000","1720545000","18541380000","3173306000","14952836000","4978263000","7606113000","4892705000","30571230000"
"20243","11590","동작구","188519965000","26193244000","886086000","1614128000","16979939000","103725154000","4538797000","2327909000","4511909000","4288123000","23454676000"
"20243","11560","영등포구","273321244000","29665149000","3500344000","2888670000","26290222000","83674574000","4047952000","4293929000","47179540000","24323852000","47457012000"
"20243","11545","금천구","73257475000","17027252000","10335262000","1248859000","9386128000","4130424000","1420743000","1823203000","12093472000","2247503000","13544629000"
"20243","11530","구로구","1798800084000","26886428000","1475282000","2122154000","23605325000","5396697000","3990161000","2875807000","1706055721000","3815317000","22577192000"
"20243","11500","강서구","242572807000","36268126000","6144251000","2286225000","33326191000","36171920000","7206439000","4679091000","62361142000","17150227000","36979195000"
"20243","11470","양천구","113256134000","27580129000","1003456000","1143568000","22267104000","6757740000","15738953000","2018142000","11413125000","3969496000","21364421000"
"20243","11440","마포구","1415746434000","33733594000","6904348000","3519946000","20132600000","3977699000","9833226000","8100460000","1266084095000","8789839000","54670627000"
"20243","11410","서대문구","134805739000","17922640000","1151666000","869866000","78530882000","3090673000","4136604000","1749431000","4593807000","3229917000","19530253000"
"20243","11380","은평구","93807743000","24119565000","3920217000","1651616000","20256227000","4962119000","5387213000","2937919000","4832750000","3621454000","22118663000"
"20243","11350","노원구","128009418000","39877092000","1344291000","1490619000","20747050000","4990347000","10087781000","3162211000","12888402000","5232496000","28189129000"
"20243","11320","도봉구","53043913000","16826843000","754277000","1050351000","7177326000","5207528000","2581776000","1414237000","2975245000","1909701000","13146629000"
"20243","11305","강북구","63017315000","16026117000","1421224000","1144157000","11768222000","3883246000","1544203000","2837855000","3776600000","2972515000","17643176000"
"20243","11290","성북구","85371332000","23666639000","1487964000","1162800000","11885298000","6464572000","5030512000","2397376000","7607336000","3241412000","22427423000"
"20243","11260","중랑구","70287161000","22097263000","980987000","1197012000","11199381000","5387527000","2563326000","2877677000","3734965000","2633388000","17615635000"
"20243","11230","동대문구","92740711000","27327760000","2006217000","1743551000","21955546000","5701852000","3255285000","2103363000","4768841000","2387558000","21490738000"
"20243","11215","광진구","99545489000","23096340000","2657044000","1801248000","15185843000","7262206000","3409641000","4053675000","6595703000","4965064000","30518725000"
"20243","11200","성동구","97944123000","21870945000","3983067000","1223996000","13982172000","6389709000","3363562000","2479229000","6941448000","12159856000","25550139000"
"20243","11170","용산구","276158498000","160283249000","3059742000","8051706000","5889767000","2949111000","1466309000","3350613000","28664656000","28134149000","34309196000"
"20243","11140","중구","2926276252000","42959719000","8223628000","6124898000","14560319000","425350713000","25943111000","2966389000","2289941534000","74015632000","36190309000"
"20243","11110","종로구","220006567000","16917028000","4690716000","1238302000","22851333000","6206771000","6894803000","4599744000","18904951000","92303683000","45399236000"
"20242","11740","강동구","157864735000","23331462000","2428563000","1590537000","21974063000","3736967000","6822469000","2666873000","66151709000","3909040000","25253052000"
"20242","11710","송파구","377714993000","39991266000","7862394000","3777834000","41102065000","9279118000","10887384000","5057002000","200960475000","8386208000","50411247000"
"20242","11680","강남구","2702405974000","43256745000","32591449000","6586995000","131468635000","28136322000","36557454000","10037077000","1386452708000","944077351000","83241238000"
"20242","11650","서초구","620118510000","23193460000","5627117000","14623878000","64445170000","6511267000","13492072000","4652029000","257913782000","181188434000","48471301000"
"20242","11620","관악구","121049434000","29978597000","3027037000","1528411000","18331935000","2956441000","14655744000","5137957000","9549715000","4608357000","31275240000"
"20242","11590","동작구","184191389000","25083858000","1417762000","1498642000","16922171000","98776589000","4521986000","2544946000","4395424000","4361703000","24668308000"
"20242","11560","영등포구","263727148000","27713523000","4246037000","2909528000","24856058000","75368918000","4097049000","4421307000","47080588000","24806630000","48227510000"
"20242","11545","금천구","74531440000","16127021000","13346786000","1131244000","9214178000","3711147000","1608042000","1774020000","11551671000","2190171000","13877160000"
"20242","11530","구로구","1614231673000","25791602000","1836446000","2096310000","23115656000","4420522000","3847559000","3028235000","1523729762000","3779414000","22586167000"
"20242","11500","강서구","231352477000","34067640000","6533371000","2276283000","32773565000","33678827000","6986997000","4639547000","55668619000","16818036000","37909592000"
"20242","11470","양천구","109856039000","27000349000","1645174000","1151161000","21961261000","5861411000","13966699000","2070427000","11024895000","3784860000","21389802000"
"20242","11440","마포구","1214360961000","33036770000","7987924000","2930999000","20376075000","4233535000","9334988000","7908183000","1064503684000","8816265000","55232538000"
"20242","11410","서대문구","117485628000","18028116000","1438586000","764641000","59138407000","3487244000","4035585000","1836999000","4451243000","3193474000","21111333000"
"20242","11380","은평구","92705118000","23222798000","4530132000","1650060000","19875679000","4528024000","5260194000","2914969000","4804434000","3693901000","22224927000"
"20242","11350","노원구","127519468000","39770070000","1835046000","1322462000","20141840000","4482120000","8814196000","3272287000","13468885000","5298046000","29114516000"
"20242","11320","도봉구","52531543000","15820270000","1049162000","969611000","7223414000","4838645000","2527353000","1445936000","3111638000","1924579000","13620935000"
"20242","11305","강북구","62313292000","15230398000","1903948000","1170753000","11549614000","3446738000","1615357000","2747174000","3891378000","3077577000","17680355000"
"20242","11290","성북구","87219766000","23869876000","1950228000","1127130000","12188833000","5704066000","4368361000","2574687000","7372858000","3466065000","24597662000"
"20242","11260","중랑구","69386912000","20448332000","1469181000","1188714000","11571983000","4953305000","2507087000","2847471000","3890194000","2687014000","17823631000"
"20242","11230","동대문구","93548964000","26546047000","3017121000","1617823000","21298528000","5354893000","3231565000","2179963000","4973868000","2284796000","23044360000"
"20242","11215","광진구","100541241000","22634699000","3375381000","1864827000","15005146000","5961023000","3393363000","4281862000","6687173000","5054612000","32283155000"
"20242","11200","성동구","94895025000","21362454000","4490238000","1259258000","13788783000","6307435000","3065191000","2642940000","6565153000","7920333000","27493240000"
"20242","11170","용산구","262886393000","151357169000","3483070000","8078265000","5790965000","2734694000","1627184000","3108522000","25468449000","27442505000","33795570000"
"20242","11140","중구","2716766342000","41207950000","9236817000","6325553000","14832447000","409268936000","26224473000","3213919000","2095926423000","73092428000","37437396000"
"20242","11110","종로구","218159962000","16766608000","5509644000","1337319000","23238204000","5722615000","4185653000","4873789000","16481947000","91928179000","48116004000"
"20241","11740","강동구","155210671000","23254088000","1969403000","1630132000","21371115000","3323482000","7190442000","2680956000","65658045000","3883986000","24249022000"
"20241","11710","송파구","265232185000","39433062000","6703665000","4061690000","40624664000","8756342000","10824453000","4876814000","94449655000","8318613000","47183227000"
"20241","11680","강남구","2810413479000","41958788000","30146285000","7279104000","148827765000","28114866000","36668992000","10191972000","1451847822000","970230484000","85147401000"
"20241","11650","서초구","633509477000","21932358000","4593495000","15155211000","72194575000","5690144000","13554030000","4862620000","265644455000","182320917000","47561672000"
"20241","11620","관악구","118170183000","29479594000","2199759000","1703347000","17873408000","2762283000","14423453000","5054926000","9864283000","4609301000","30199829000"
"20241","11590","동작구","179610151000","25237387000","1130233000","1304760000","17308208000","95642180000","4310161000","2479021000","4510866000","4219341000","23467994000"
"20241","11560","영등포구","251147013000","28108557000","3765066000","2685367000","25805011000","63458754000","3992434000","4539615000","46154082000","25184738000","47453389000"
"20241","11545","금천구","74334213000","16104357000","12685500000","1428146000","9059793000","3390128000","1631383000","1735786000","12682731000","2083394000","13532995000"
"20241","11530","구로구","1596062477000","24885193000","1411216000","2038249000","23339204000","3864420000","3862205000","2951985000","1508651538000","3468204000","21590263000"
"20241","11500","강서구","222572302000","34356847000","6142236000","2161515000","32873755000","37998918000","7181031000","4560197000","45019400000","15434376000","36844027000"
"20241","11470","양천구","108420962000","27033624000","1287000000","1276659000","21952095000","5319335000","14021288000","2074885000","10865867000","3776412000","20813797000"
"20241","11440","마포구","1120732032000","32544193000","6986403000","2941530000","19729005000","3855161000","9336365000","8598620000","971975972000","8635001000","56129782000"
"20241","11410","서대문구","113597202000","17012245000","1095560000","768998000","59437847000","2200414000","3985845000","1884799000","4410767000","3185615000","19615112000"
"20241","11380","은평구","88789080000","21338362000","3933034000","1541539000","19731778000","4309792000","5283525000","2953890000","4843657000","3688237000","21165266000"
"20241","11350","노원구","123647825000","38446729000","1518021000","1137360000","19542014000","4183717000","9445187000","3318563000","12926966000","5241888000","27887380000"
"20241","11320","도봉구","50451206000","15486471000","804629000","998524000","7162771000","4580850000","2617326000","1306307000","3047449000","2016567000","12430312000"
"20241","11305","강북구","59448604000","14900531000","1355797000","1110531000","11026033000","3055320000","1693556000","2735435000","3738776000","3053547000","16779078000"
"20241","11290","성북구","81828222000","22500850000","1441375000","1100884000","11628017000","5243069000","4920487000","2277834000","7349101000","3345710000","22020895000"
"20241","11260","중랑구","66377169000","19687875000","1278846000","1162524000","11093412000","4618328000","2558715000","2718479000","3811162000","2624300000","16823528000"
"20241","11230","동대문구","89760566000","25750147000","2400790000","1298884000","21775053000","5244870000","3211414000","2061649000","4800392000","2220443000","20996924000"
"20241","11215","광진구","96480405000","21624796000","2703809000","1769713000","14229015000","5443630000","3379297000","4244261000","6460393000","5813548000","30811943000"
"20241","11200","성동구","86361579000","20891770000","3651655000","1040800000","13526412000","5630738000","3034061000","2514541000","5670179000","4360463000","26040960000"
"20241","11170","용산구","258065284000","143834421000","3128675000","9682345000","5711495000","2554311000","1584795000","3082473000","29061332000","27094119000","32331318000"
"20241","11140","중구","2724754433000","40696263000","7670723000","6455593000","14481084000","412869928000","25670446000","2908961000","2107196421000","70270034000","36534980000"
"20241","11110","종로구","219185592000","15626424000","4471462000","1117518000","22778916000","6582427000","7301733000","4389659000","18419096000","92386930000","46111427000"
"20234","11740","강동구","157543980000","23696884000","2250983000","1689223000","20933976000","3775156000","6441457000","2810248000","67692978000","3930054000","24323021000"
"20234","11710","송파구","217522213000","40371597000","8392919000","4431802000","40118845000","10128395000","10136543000","5357019000","41233437000","8153893000","49197763000"
"20234","11680","강남구","2765964145000","43227050000","34276723000","8336039000","137361684000","29751345000","34962355000","10718883000","1430651350000","949127229000","87551487000"
"20234","11650","서초구","618853255000","22764176000","4999241000","15532809000","66898466000","6104059000","12392929000","5240832000","247382426000","187796714000","49741603000"
"20234","11620","관악구","119073264000","29880614000","2935766000","1627741000","17741365000","3012367000","13924851000","5273758000","9719668000","4600357000","30356777000"
"20234","11590","동작구","187282691000","26859439000","1264494000","1480249000","17721846000","100586754000","3814056000","2716744000","4311007000","3761960000","24766142000"
"20234","11560","영등포구","234854516000","27547738000","4403338000","2892454000","26178600000","42994539000","3346887000","4961482000","48737743000","25598100000","48193635000"
"20234","11545","금천구","78078605000","16434122000","17017712000","1588937000","9303246000","3867080000","1587560000","1810615000","10754784000","2097618000","13616931000"
"20234","11530","구로구","1492336459000","26083393000","1747840000","2174237000","23831241000","3892750000","3520937000","3053104000","1402336003000","3459433000","22237521000"
"20234","11500","강서구","222275774000","34568060000","6647571000","2226562000","32554799000","37661227000","6228671000","4888824000","43536280000","16509795000","37453985000"
"20234","11470","양천구","107769878000","27249814000","1404343000","1352150000","21353635000","5998685000","12367771000","2118927000","11489656000","3848919000","20585978000"
"20234","11440","마포구","1178287827000","33287962000","8285939000","3059209000","18789032000","3833756000","9058063000","9075559000","1027631598000","8892182000","56374527000"
"20234","11410","서대문구","116111484000","17613696000","1400585000","808313000","60379426000","2486160000","3672107000","1897538000","4195594000","3281372000","20376693000"
"20234","11380","은평구","89940612000","21714189000","4469134000","1809746000","19513788000","4681274000","4678871000","3072926000","4667263000","3608752000","21724669000"
"20234","11350","노원구","126184207000","40870433000","1643546000","1314623000","18600581000","4522126000","8017062000","3337277000","14121304000","5128425000","28628830000"
"20234","11320","도봉구","51244862000","16084746000","978227000","1091362000","6769405000","4993432000","2243852000","1397501000","3024635000","1857140000","12804562000"
"20234","11305","강북구","61065166000","15358931000","1741064000","1113332000","10702986000","3594768000","1612849000","2925883000","4037427000","2845273000","17132653000"
"20234","11290","성북구","83882917000","23111856000","1747888000","1402352000","11242241000","5949270000","3945671000","2373136000","7139244000","3376622000","23594637000"
"20234","11260","중랑구","67373876000","19742038000","1404902000","1412675000","10988589000","4750584000","2554562000","2891651000","3842221000","2598639000","17188015000"
"20234","11230","동대문구","92602895000","26182866000","2952004000","1779765000","22158349000","5816104000","2863723000","2191555000","4684957000","2349704000","21623868000"
"20234","11215","광진구","98924305000","22600006000","3385353000","1996733000","13496175000","6145314000","3020408000","4260161000","6111246000","6402139000","31506770000"
"20234","11200","성동구","88248702000","21478724000","4732282000","1248616000","12914322000","5664158000","2700660000","2699397000","5553969000","4437418000","26819156000"
"20234","11170","용산구","249618148000","132136293000","3358592000","9379116000","5338315000","2547584000","1470112000","3287645000","29497807000","29002771000","33599913000"
"20234","11140","중구","2720240573000","43243002000","9255447000","6754298000","14208857000","422585381000","25633421000","3182040000","2089205518000","67993363000","38179246000"
"20234","11110","종로구","220066612000","16339826000","5355111000","1320734000","23152195000","6136289000","4103712000","4743277000","17452411000","92209346000","49253711000"
"20233","11740","강동구","153241649000","24208850000","1773246000","1669301000","19985175000","3824884000","6352714000","2769273000","65217804000","3854003000","23586399000"
"20233","11710","송파구","196510343000","40510292000","6148109000","4368213000","39642895000","9924755000","10531602000","5249058000","26626658000","7936421000","45572340000"
"20233","11680","강남구","2551815171000","45897752000","29800659000","8240324000","130519803000","30226576000","39329244000","11013580000","1326297747000","845395284000","85094202000"
"20233","11650","서초구","571300479000","23763470000","4510247000","15585652000","65040535000","6569973000","13668249000","5150110000","214749588000","175949092000","46313563000"
"20233","11620","관악구","116550720000","30788776000","2372833000","1826355000","16405383000","3043507000","13905092000","5171720000","9165613000","4668652000","29202789000"
"20233","11590","동작구","179557875000","24565982000","942396000","1547206000","17238498000","97616190000","4427008000","2569399000","4913804000","3626092000","22111300000"
"20233","11560","영등포구","215731617000","29385865000","3526379000","2895864000","24169172000","30433754000","3656005000","4672368000","46485943000","24484051000","46022216000"
"20233","11545","금천구","69932855000","16782758000","10154444000","1871825000","8943488000","3861740000","1506893000","1871314000","9552968000","2051886000","13335539000"
"20233","11530","구로구","1391239720000","25870218000","1422317000","2161229000","22209273000","3023769000","3832279000","3065035000","1304974194000","3190048000","21491358000"
"20233","11500","강서구","210007744000","35190070000","5669654000","2332047000","31555804000","34321649000","6632271000","4834875000","36041133000","17084938000","36345303000"
"20233","11470","양천구","108660173000","28009468000","1151707000","1395926000","20405887000","6207777000","13918495000","2119753000","10964574000","3908550000","20578036000"
"20233","11440","마포구","1066476925000","32882242000","6901686000","2843130000","18712974000","3774221000","9573602000","9293516000","921299383000","8736115000","52460056000"
"20233","11410","서대문구","109319352000","17763610000","1195616000","785285000","54092455000","2562931000","4061686000","1923249000","4371078000","3314696000","19248746000"
"20233","11380","은평구","89028461000","21873400000","3864406000","2024730000","19000701000","4632649000","4967756000","3058593000","4819946000","3703286000","21082994000"
"20233","11350","노원구","120998486000","38999795000","1302048000","1425367000","17786064000","4176736000","9343891000","3210056000","13025192000","4990272000","26739065000"
"20233","11320","도봉구","49527601000","15671955000","712606000","1071910000","6499044000","4886745000","2156658000","1405366000","2919512000","1806840000","12396965000"
"20233","11305","강북구","59835477000","15703398000","1362069000","1279584000","10265055000","3380329000","1711322000","2776146000","3666574000","2612117000","17078883000"
"20233","11290","성북구","80770253000","22699671000","1351714000","1344911000","10821275000","5863865000","4515943000","2389771000","7036466000","3186886000","21559751000"
"20233","11260","중랑구","66346705000","19712342000","1107156000","1623839000","10417994000","4714388000","2789052000","2872192000","3867544000","2569468000","16672730000"
"20233","11230","동대문구","90241899000","26238605000","2278383000","1771945000","21466618000","5708199000","2989950000","2222670000","4706953000","2399524000","20459052000"
"20233","11215","광진구","96890565000","22397645000","2835531000","1944826000","13795033000","6229119000","3333444000","4423593000","6774833000","5446958000","29709583000"
"20233","11200","성동구","85286629000","21766199000","3515488000","1426909000","13015712000","5772030000","2874929000","2663376000","5069386000","4312111000","24870489000"
"20233","11170","용산구","255881883000","142450317000","2800786000","11153839000","5206682000","2150850000","1420011000","3371343000","29572897000","25687660000","32067498000"
"20233","11140","중구","2513872526000","42385462000","7118194000","7158378000","13549887000","396041979000","25519625000","3267237000","1920666279000","63922655000","34242830000"
"20233","11110","종로구","319674221000","16268254000","4484784000","1215886000","21309049000","5815414000","5813530000","4644207000","129570925000","87128049000","43424123000"
"20232","11740","강동구","160400134000","23992377000","2401188000","1749637000","20136909000","3820607000","6384191000","2829886000","71083053000","3848713000","24153573000"
"20232","11710","송파구","200981264000","40430085000","7840388000","4078692000","39623712000","9276542000","10273855000","5568234000","28050266000","8217527000","47621963000"
"20232","11680","강남구","2608201860000","45268321000","34562874000","9994466000","132079067000","28871639000","34820526000","11404132000","1351602285000","872355366000","87243184000"
"20232","11650","서초구","622104358000","23706215000","5153317000","15691064000","65329794000","6139956000","13133581000","5218404000","250132768000","189612089000","47987170000"
"20232","11620","관악구","118122959000","30465580000","3263734000","1598044000","16862123000","2765241000","14605448000","5526956000","7047927000","4823787000","31164119000"
"20232","11590","동작구","181358479000","24529192000","1328256000","1530056000","16959825000","97446402000","4391610000","2765726000","4832237000","4066358000","23508817000"
"20232","11560","영등포구","217071132000","28393936000","4662193000","2843012000","21866283000","33660002000","3460966000","4885177000","45612297000","24333894000","47353372000"
"20232","11545","금천구","77202759000","16554067000","17904713000","2220876000","8867352000","3670298000","1496029000","1933219000","8678606000","2012401000","13865198000"
"20232","11530","구로구","1370077164000","26164468000","1900845000","2205880000","23323194000","3051215000","3700871000","3225919000","1280979252000","3183272000","22342248000"
"20232","11500","강서구","196544942000","34606803000","6416265000","2093899000","31754728000","29615573000","6447544000","4985539000","25650372000","17705002000","37269217000"
"20232","11470","양천구","106593132000","27174250000","1638040000","1352298000","20034954000","5658841000","12535282000","2204858000","11333675000","3926932000","20734002000"
"20232","11440","마포구","1048064112000","32858039000","7903297000","2733159000","19324902000","3533758000","8753098000","9198647000","900577617000","9063049000","54118546000"
"20232","11410","서대문구","115632104000","18026889000","1473195000","775987000","58155067000","2487906000","3805218000","2057090000","4325422000","3406766000","21118564000"
"20232","11380","은평구","90440858000","21718052000","4703400000","1864584000","19534510000","4170631000","4783802000","3148482000","4811508000","3799310000","21906579000"
"20232","11350","노원구","126013453000","40697803000","1913096000","1354219000","18790032000","3745065000","8343172000","3395726000","13898650000","5170432000","28705258000"
"20232","11320","도봉구","50312566000","15453847000","958753000","982786000","6629347000","4604799000","2111960000","1365827000","3215991000","1996412000","12992844000"
"20232","11305","강북구","61629372000","15846136000","1782119000","1171002000","10614563000","3354150000","1603207000","2908287000","3851490000","2893375000","17605043000"
"20232","11290","성북구","84121681000","23777800000","1905321000","1220216000","10920250000","5199854000","3742943000","2538602000","7282970000","3540481000","23993244000"
"20232","11260","중랑구","67707226000","19398815000","1478083000","1673313000","10937502000","4261059000","2646733000","3011752000","4064514000","2799571000","17435884000"
"20232","11230","동대문구","92771425000","26134387000","3024473000","1775637000","21060311000","5930859000","2940372000","2371052000","5077261000","2422098000","22034975000"
"20232","11215","광진구","100682734000","23266587000","3600792000","2001445000","13356675000","6037433000","3221233000","4685033000","6941958000","5462494000","32109084000"
"20232","11200","성동구","87762952000","21437027000","4023393000","1383930000","13783407000","5776216000","2644736000","2789616000","5093632000","4323419000","26507576000"
"20232","11170","용산구","251906941000","138522461000","3036125000","11136617000","5262924000","2062308000","1531288000","3366595000","27467469000","28157574000","31363580000"
"20232","11140","중구","2531979244000","42075195000","8913795000","7144760000","14138006000","401051107000","26340956000","3428975000","1930139617000","63587763000","35159070000"
"20232","11110","종로구","322465198000","17135821000","5360642000","1462155000","20348946000","5895507000","2862926000","4885589000","132125280000","86097493000","46290839000"
"20231","11740","강동구","159194441000","22861481000","1955879000","1461612000","19731596000","3459627000","6359388000","2825075000","73785449000","3724616000","23029718000"
"20231","11710","송파구","194138748000","39057484000","7084916000","4818622000","38620362000","8734054000","10460036000","5502300000","27110625000","7543533000","45206816000"
"20231","11680","강남구","2592265503000","43146364000","30537792000","8876412000","146160455000","28215177000","36072919000","11375959000","1342735006000","855300144000","89845275000"
"20231","11650","서초구","629360080000","22326149000","4358072000","14928193000","69791017000","5833544000","12909234000","5835045000","264495851000","180967729000","47915246000"
"20231","11620","관악구","115651078000","29402491000","2679054000","1574315000","16839414000","2697308000","14762498000","5379816000","7269582000","4695170000","30351430000"
"20231","11590","동작구","175536250000","23683885000","1078885000","1265256000","16591635000","95267132000","4102751000","2697425000","5414870000","3709398000","21725013000"
"20231","11560","영등포구","211409909000","28381596000","4107783000","2787358000","21220059000","38273451000","3541679000","4888525000","36912853000","24441976000","46854629000"
"20231","11545","금천구","72381528000","16391004000","15296799000","1227870000","8525016000","3703454000","1510718000","1876521000","8290313000","2043012000","13516821000"
"20231","11530","구로구","1343755688000","24181621000","1395886000","2163266000","22077117000","3302443000","3962500000","3135865000","1259516797000","2954217000","21065976000"
"20231","11500","강서구","231441288000","33744690000","5994758000","1963075000","51915876000","41204141000","6428158000","4779070000","33368789000","16106292000","35936439000"
"20231","11470","양천구","104268070000","26544300000","1372115000","1210796000","19915797000","5631616000","12934401000","2255584000","10880024000","3902480000","19620957000"
"20231","11440","마포구","1024107094000","30751673000","7053703000","2474929000","18507505000","3428960000","8466173000","9589375000","881500424000","8679864000","53654488000"
"20231","11410","서대문구","119188962000","16377689000","1244646000","737007000","66206121000","2470370000","3328410000","2014188000","4349359000","3351667000","19109505000"
"20231","11380","은평구","85565857000","20634652000","4033329000","1694185000","18754928000","3973567000","4676970000","3155769000","4706820000","3587162000","20348475000"
"20231","11350","노원구","119632862000","38027202000","1612428000","1299016000","18324021000","3694213000","8882137000","3248877000","12970672000","4918587000","26655709000"
"20231","11320","도봉구","47199028000","14643964000","795042000","856017000","6241730000","4140538000","2190952000","1366850000","3094608000","1941577000","11927750000"
"20231","11305","강북구","58425346000","14971700000","1421789000","1145072000","10153116000","3090055000","1531005000","3006296000","3749821000","2771459000","16585033000"
"20231","11290","성북구","78828381000","21718711000","1577244000","1184422000","10317936000","5461054000","4451281000","2406448000","7003609000","3213193000","21494483000"
"20231","11260","중랑구","64991013000","18837216000","1396028000","1379019000","10592175000","4202674000","2840400000","2873857000","3918210000","2732897000","16218537000"
"20231","11230","동대문구","87581454000","24994855000","2352351000","1567645000","20584672000","5468661000","2853921000","2240316000","4944359000","2324093000","20250581000"
"20231","11215","광진구","94779593000","20890784000","2984254000","2016273000","12347919000","5956030000","3158914000","4697744000","6487302000","5636812000","30603561000"
"20231","11200","성동구","84438182000","20433520000","3520749000","1170209000","13854021000","5560143000","2697268000","2761380000","4747713000","4199569000","25493610000"
"20231","11170","용산구","237326473000","131722302000","2412071000","9684161000","5125990000","1842646000","1447862000","3033188000","25787276000","26630512000","29640465000"
"20231","11140","중구","2565022761000","40313137000","7389385000","6818175000","13326121000","379813573000","26460302000","2950446000","1992152485000","61899119000","33900018000"
"20231","11110","종로구","311838195000","15780632000","4837883000","1614689000","20312514000","8005310000","5731182000","4717779000","123981983000","81959610000","44896613000"
"20224","11740","강동구","145082009000","22019712000","2341020000","1669938000","19643860000","3645600000","5479804000","2840893000","60821201000","3599975000","23020006000"
"20224","11710","송파구","201769267000","38241116000","8376733000","5203282000","40480039000","10861830000","9698419000","5651028000","29319452000","7558590000","46378778000"
"20224","11680","강남구","2682596068000","43032309000","35642400000","9200405000","134393742000","32966794000","34699891000","11957574000","1361139144000","928074251000","91489558000"
"20224","11650","서초구","604548314000","22222433000","5042647000","12742509000","64989187000","6772248000","11879067000","5945177000","233984843000","191658684000","49311519000"
"20224","11620","관악구","114889026000","28965305000","3471493000","1701700000","16256802000","3039792000","14409598000","5532564000","6668388000","4510347000","30333037000"
"20224","11590","동작구","177991239000","23518984000","1157712000","1443301000","16592215000","97191013000","3825680000","2832415000","5258546000","3632527000","22538846000"
"20224","11560","영등포구","268003744000","26847382000","4904543000","2841382000","21478853000","84715886000","3148754000","5156976000","38493155000","34404834000","46011979000"
"20224","11545","금천구","76909617000","16183484000","20432006000","1271043000","9020767000","4197400000","1476223000","1872979000","6750355000","2058965000","13646395000"
"20224","11530","구로구","1374773852000","24381792000","1638754000","2109525000","21754309000","3551672000","3621614000","3189527000","1290094087000","3011768000","21420804000"
"20224","11500","강서구","250067694000","33305774000","6773903000","2293113000","67631062000","46769343000","5866532000","4829952000","29201467000","17089820000","36306728000"
"20224","11470","양천구","102775881000","25892958000","1498885000","1406421000","19910641000","6321545000","11281613000","2276076000","10949614000","3790854000","19447274000"
"20224","11440","마포구","1103946668000","30101228000","7541495000","2780126000","17950537000","3882546000","8361605000","9123829000","963067024000","8509272000","52629006000"
"20224","11410","서대문구","133269162000","16463713000","1498111000","857822000","80000892000","2628201000","3121865000","1980512000","3954854000","3132826000","19630366000"
"20224","11380","은평구","84713663000","20272130000","4669664000","1871680000","18254173000","3914036000","4364091000","3029126000","4521989000","3358645000","20458129000"
"20224","11350","노원구","118800349000","38773754000","1646307000","1564664000","17563546000","4059597000","7688863000","3134948000","13340594000","4518666000","26509410000"
"20224","11320","도봉구","47076208000","14110515000","829365000","940540000","6262292000","4542828000","2003333000","1444806000","2985674000","1771998000","12184857000"
"20224","11305","강북구","58603244000","14723560000","1741725000","1217084000","10223836000","3470528000","1351581000","3075055000","3829771000","2486565000","16483539000"
"20224","11290","성북구","79024456000","21578257000","1906094000","1225034000","10083310000","6134075000","3392787000","2534955000","6761619000","3185931000","22222394000"
"20224","11260","중랑구","64444132000","18156315000","1411344000","1847407000","10510281000","4678532000","2567084000","2887733000","3633486000","2617716000","16134234000"
"20224","11230","동대문구","90071351000","24742273000","2816763000","1699224000","22191154000","6315507000","2596722000","2322876000","4614680000","2271677000","20500475000"
"20224","11215","광진구","94555442000","20647311000","3433143000","1988453000","12684108000","6451775000","3011229000","4657211000","5766640000","5535618000","30379954000"
"20224","11200","성동구","86745402000","20481686000","4012547000","1587407000","13882694000","6780688000","2603660000","2794389000","4559696000","4310785000","25731850000"
"20224","11170","용산구","236632169000","123059964000","2683973000","12257701000","5055012000","2141007000","1372237000","3820295000","25683909000","30300560000","30257511000"
"20224","11140","중구","2602642770000","39999694000","8848096000","7429321000","13337125000","403847560000","26714524000","3261128000","2002176066000","61841726000","35187530000"
"20224","11110","종로구","309554654000","15607623000","4915719000","1689026000","20182003000","6283687000","2626075000","4790515000","125499466000","82785776000","45174764000"
"20223","11740","강동구","158217590000","23477592000","2020674000","1735068000","19159338000","4089514000","5888203000","2980181000","72694781000","3524803000","22647436000"
"20223","11710","송파구","198242083000","40358278000","6597742000","5080993000","38136010000","12146093000","10225135000","5701542000","28781240000","7534435000","43680615000"
"20223","11680","강남구","2667613821000","42323846000","34635475000","9470704000","133218984000","32395654000","41253858000","12193111000","1331330887000","942702525000","88088777000"
"20223","11650","서초구","581156444000","23664959000","4518243000","13085247000","63411911000","7933062000","13758985000","6239747000","219054445000","183166346000","46323499000"
"20223","11620","관악구","114586309000","30482347000","2782595000","2073756000","15516690000","3496558000","14236558000","5597541000","6892978000","4533797000","28973489000"
"20223","11590","동작구","179657140000","23232009000","933136000","1487412000","16187887000","100380016000","4380509000","2710537000","6355801000","3509823000","20480010000"
"20223","11560","영등포구","234044561000","29947889000","4168451000","2939577000","20712250000","49476432000","3427911000","5002169000","36587791000","38280863000","43501228000"
"20223","11545","금천구","69642390000","16904586000","13575571000","1362832000","8455782000","4621565000","1420991000","2031755000","5941245000","2047699000","13280364000"
"20223","11530","구로구","1297895770000","26056510000","1389498000","2280819000","20524860000","3797929000","3654909000","3276925000","1213772560000","2652441000","20489319000"
"20223","11500","강서구","219155544000","35120566000","6184616000","2422551000","52871066000","31975828000","6339514000","5114748000","26680713000","17067310000","35378632000"
"20223","11470","양천구","107154484000","27592273000","1218588000","1401570000","19032464000","7629716000","13469800000","2494599000","11509246000","3570241000","19235987000"
"20223","11440","마포구","1066484186000","32149131000","7964227000","2862577000","18223356000","4541790000","8905976000","9566086000","922736468000","8533194000","51001381000"
"20223","11410","서대문구","135095475000","16832585000","1256334000","854666000","81715746000","3025516000","3408450000","2113957000","4214293000","3251898000","18422030000"
"20223","11380","은평구","86391199000","21439676000","4282043000","2129962000","17864427000","4777879000","4466189000","3165518000","4733700000","3269527000","20262278000"
"20223","11350","노원구","119091709000","38984842000","1351208000","1712624000","16985492000","4562505000","8575408000","3351846000","13673661000","4590630000","25303493000"
"20223","11320","도봉구","48901854000","15010234000","685449000","1081916000","6372089000","5347340000","2197864000","1540170000","2963926000","1802715000","11900151000"
"20223","11305","강북구","59860658000","15571510000","1522882000","1235723000","9834821000","4286568000","1583863000","3216834000","3746179000","2475023000","16387255000"
"20223","11290","성북구","79708088000","22239070000","1592038000","1192278000","9702405000","7203620000","4052100000","2547641000","7384244000","3041712000","20752980000"
"20223","11260","중랑구","66289086000","19585463000","1064732000","1782883000","10896512000","5169188000","2665497000","3057801000","3877669000","2610041000","15579300000"
"20223","11230","동대문구","90621786000","27840993000","2328972000","1869126000","20673699000","6997328000","2636056000","2323734000","4618940000","2280437000","19052501000"
"20223","11215","광진구","96756574000","21648548000","3109480000","2009802000","12331098000","7406206000","3168323000","4982018000","7196460000","6136457000","28768182000"
"20223","11200","성동구","86993149000","22480550000","3536751000","1867890000","13030262000","7615984000","2628722000","2869219000","4594318000","4183482000","24185971000"
"20223","11170","용산구","256755503000","130673451000","2601650000","16261226000","4933911000","2416631000","1328105000","5067084000","31089841000","30131416000","32252188000"
"20223","11140","중구","2426061667000","41075245000","7566039000","7996972000","13043303000","392376606000","26433791000","3359469000","1859088642000","43276898000","31844702000"
"20223","11110","종로구","306941223000","15622624000","4275375000","1536890000","19825463000","4051992000","5026533000","4719540000","131785809000","79709262000","40387735000"
"20222","11740","강동구","162928637000","22876888000","2459797000","1825294000","18840562000","4065371000","5418329000","3086264000","78149029000","3619522000","22587581000"
"20222","11710","송파구","202034324000","40470233000","8003647000","4869455000","37808326000","12115478000","9615374000","5932890000","29721810000","8478780000","45018331000"
"20222","11680","강남구","2514232842000","41023896000","37236809000","10412783000","137717096000","31679223000","31206345000","12253585000","1218535191000","906533025000","87634889000"
"20222","11650","서초구","598441821000","23187406000","5227028000","15150583000","63343874000","7962435000","12840467000","6085346000","237727811000","179209536000","47707335000"
"20222","11620","관악구","112018961000","28969820000","3484651000","1648768000","15118915000","3309843000","14118457000","5525659000","6652733000","4462222000","28727893000"
"20222","11590","동작구","175064220000","23197080000","1230153000","1432546000","15657651000","96245702000","4029476000","2803601000","6059551000","3396531000","21011929000"
"20222","11560","영등포구","269499388000","27737422000","5056817000","2807473000","20310190000","83948553000","3100492000","5121028000","39822581000","37778623000","43816209000"
"20222","11545","금천구","72235124000","15903659000","17406528000","1125198000","8408648000","4655664000","1328112000","1988201000","6113829000","2052245000","13253040000"
"20222","11530","구로구","1268332105000","25788445000","1758214000","2194615000","20830241000","3532403000","3344476000","3264997000","1184032204000","2854208000","20732302000"
"20222","11500","강서구","215707376000","33619602000","6617151000","2424645000","51641500000","29823381000","5982122000","5263988000","27292715000","17758394000","35283878000"
"20222","11470","양천구","280100665000","26343841000","1641710000","1323641000","18828206000","8885354000","11621107000","2441415000","186232196000","3665849000","19117346000"
"20222","11440","마포구","1014670198000","30922115000","7983776000","2862872000","18533463000","4493515000","8279231000","9125676000","872336465000","8782962000","51350123000"
"20222","11410","서대문구","140393513000","16219008000","1452173000","970939000","87764401000","3084439000","3261893000","2023874000","4043087000","3192219000","18381480000"
"20222","11380","은평구","85688627000","21398527000","4582307000","1954829000","17198457000","4694734000","4090448000","3127922000","4817835000","3405190000","20418378000"
"20222","11350","노원구","120659822000","39843731000","1765963000","1768101000","16589391000","4466306000","7657460000","3418921000","14465136000","4530274000","26154539000"
"20222","11320","도봉구","47905409000","14118452000","935474000","1073468000","6170347000","5182000000","1975688000","1574090000","2964296000","1717783000","12193811000"
"20222","11305","강북구","59668097000","15043312000","1855316000","1195188000","9983839000","3896264000","1426567000","3254923000","4030551000","2808139000","16173998000"
"20222","11290","성북구","80163306000","21876181000","2011131000","1167602000","9501184000","6834474000","3382892000","2598275000","7718996000","3130255000","21942316000"
"20222","11260","중랑구","65174984000","18710476000","1539473000","1628390000","10449895000","4900607000","2556748000","2913471000","3901257000","2600238000","15974429000"
"20222","11230","동대문구","91254964000","27084878000","3071229000","1876379000","20652162000","7539867000","2484679000","2285272000","4529512000","2212449000","19518537000"
"20222","11215","광진구","95321176000","20801530000","3790734000","1904223000","11953028000","7242451000","2899781000","5066604000","6484768000","5829369000","29348688000"
"20222","11200","성동구","86802390000","21391939000","3601318000","1751522000","12382361000","7620318000","2680933000","2982882000","5015201000","4112926000","25262990000"
"20222","11170","용산구","247566981000","124409425000","3132268000","17884962000","5107776000","2835808000","1365467000","4802967000","26956978000","29730668000","31340662000"
"20222","11140","중구","2348943004000","40471012000","8579349000","7497707000","13073571000","390635739000","26632576000","3518914000","1783410100000","42799430000","32324606000"
"20222","11110","종로구","319684264000","15323416000","5083428000","1701958000","20090762000","4149007000","2838203000","4680803000","146420730000","78042322000","41353635000"
"20221","11740","강동구","161549791000","21919971000","1695483000","1610120000","17292640000","3232988000","5173409000","1510421000","88598704000","3053044000","17463011000"
"20221","11710","송파구","173830835000","38392077000","6126862000","4694465000","37568641000","9821978000","9161632000","3273866000","25237188000","6950171000","32603955000"
"20221","11680","강남구","2336292738000","36917710000","25205260000","9928580000","151787801000","26501903000","28622019000","6613096000","1107184900000","878211630000","65319839000"
"20221","11650","서초구","596366895000","20047365000","3612248000","15315204000","74614128000","5998865000","11810796000","2981410000","251367750000","176561864000","34057265000"
"20221","11620","관악구","96838207000","28019445000","2236083000","1665405000","14446829000","2651000000","13743302000","2853872000","5639110000","3868973000","21714188000"
"20221","11590","동작구","144887601000","22242039000","788341000","1121267000","14465406000","77861147000","3585845000","1410144000","5142503000","2872736000","15398173000"
"20221","11560","영등포구","254923654000","26746765000","3563170000","2402364000","18227018000","93621182000","2871977000","2443961000","35816623000","36788730000","32441864000"
"20221","11545","금천구","59631708000","15039159000","13431140000","989689000","7332521000","3442882000","1261213000","916544000","5072073000","1880642000","10265845000"
"20221","11530","구로구","1240313685000","24183841000","1029666000","2122169000","19547307000","2995006000","3249239000","1543844000","1167706440000","2533442000","15402731000"
"20221","11500","강서구","176633491000","31485472000","4582565000","2153919000","46849008000","20998633000","5489794000","2456415000","20928106000","15474868000","26214711000"
"20221","11470","양천구","264194023000","26303705000","1098862000","1244964000","17366090000","7162484000","10970263000","1313471000","180424436000","3197002000","15112746000"
"20221","11440","마포구","1002806919000","27160737000","5648608000","2756122000","16447610000","3288881000","7669009000","4661471000","889528064000","7479184000","38167233000"
"20221","11410","서대문구","133884343000","14915620000","930990000","829780000","91376614000","2517976000","2842057000","1081879000","3121787000","2721315000","13546325000"
"20221","11380","은평구","73677548000","20776228000","3153677000","1763612000","16320763000","3797412000","3920275000","1554383000","3845742000","2961503000","15583953000"
"20221","11350","노원구","103436633000","36467624000","1183247000","1659608000","15566506000","3519815000","7411229000","1696197000","12347882000","4008264000","19576261000"
"20221","11320","도봉구","41451493000","13527721000","612087000","966297000","5804505000","4608659000","2019193000","751490000","2459774000","1523239000","9178528000"
"20221","11305","강북구","49010261000","14005816000","1157593000","1088000000","9101246000","3452370000","1369662000","1550046000","3084747000","2375150000","11825631000"
"20221","11290","성북구","66493355000","20306122000","1343195000","1087707000","8708988000","5407805000","3604479000","1261555000","6368722000","2654477000","15750305000"
"20221","11260","중랑구","55422406000","17804278000","1057725000","1303723000","10374268000","3927081000","2402584000","1341401000","3124233000","2325559000","11761554000"
"20221","11230","동대문구","78353536000","25597256000","1847523000","1494029000","20085225000","6087111000","2299044000","1044729000","3584299000","1910414000","14403906000"
"20221","11215","광진구","74897944000","18667844000","2616799000","1848391000","11151625000","5411447000","2806607000","2591745000","5274123000","3621497000","20907866000"
"20221","11200","성동구","72285116000","19280536000","2047265000","1252853000","11876958000","6718420000","3397131000","1591332000","4104161000","3457351000","18559109000"
"20221","11170","용산구","216599822000","120741447000","2260224000","16326789000","4629527000","2080968000","1181653000","1943638000","18285756000","28177112000","20972708000"
"20221","11140","중구","2315028971000","35356133000","5617799000","7530865000","12041069000","319639135000","25307529000","1476954000","1846069357000","38960120000","23030010000"
"20221","11110","종로구","312455980000","12406032000","7067154000","1502402000","18482448000","1707475000","5579478000","2243161000","160180484000","74347538000","28939808000"
"20214","11740","강동구","162357215000","21827379000","2296494000","1767300000","18276944000","3685237000","5186546000","2081496000","84028313000","3365067000","19842439000"
"20214","11710","송파구","188059227000","38436595000","8141425000","5872054000","38322572000","11277228000","9360033000","3965239000","27401607000","7671163000","37611311000"
"20214","11680","강남구","2374179110000","39821285000","26537133000","10092827000","134509098000","30774553000","28666982000","9026719000","1132838192000","884063082000","77849239000"
"20214","11650","서초구","566870263000","21366175000","4639814000","13738341000","66131460000","7554860000","11934624000","4251033000","217542690000","179297510000","40413756000"
"20214","11620","관악구","102485027000","27301280000","3194972000","1703806000","15055511000","2919969000","13898005000","3673550000","6107043000","4198710000","24432181000"
"20214","11590","동작구","161119025000","21953240000","1118372000","1349666000","15390709000","89846910000","3867886000","1926994000","5013311000","3106889000","17545048000"
"20214","11560","영등포구","316299707000","26036430000","4603534000","2665861000","18685551000","147267516000","2821297000","3449767000","36358458000","37346786000","37064507000"
"20214","11545","금천구","106122987000","15113900000","19373880000","37806801000","8094222000","3687516000","1506902000","1301219000","5456135000","2038567000","11743845000"
"20214","11530","구로구","1231033797000","24950256000","1454839000","2352901000","20888125000","3501698000","3385968000","2200947000","1151407211000","3009167000","17882685000"
"20214","11500","강서구","201714731000","31586736000","5992424000","2472681000","62234062000","20839598000","5678312000","3383556000","21556285000","17889947000","30081130000"
"20214","11470","양천구","283105167000","26242646000","1367847000","1647453000","17647413000","7495934000","10965294000","1732628000","195867629000","3480598000","16657725000"
"20214","11440","마포구","1030939958000","28076937000","6855443000","3392809000","16562000000","3725378000","8193336000","6183297000","905507058000","8478060000","43965640000"
"20214","11410","서대문구","127072815000","14438769000","1182798000","1085346000","81479814000","2794125000","3115022000","1354367000","3448683000","2853544000","15320347000"
"20214","11380","은평구","79144765000","20652315000","4295249000","2059852000","16426559000","4428951000","4209088000","2057606000","4366462000","3202608000","17446075000"
"20214","11350","노원구","109424332000","36941664000","1528568000","1863759000","15536985000","3885198000","7130564000","2332365000","14011345000","4233228000","21960656000"
"20214","11320","도봉구","44168460000","13404743000","786878000","1058831000","6259250000","4899121000","2125493000","1079469000","2653063000","1589423000","10312189000"
"20214","11305","강북구","53038871000","13767905000","1632649000","1202286000","9500230000","3970564000","1373125000","2204641000","3429069000","2448006000","13510396000"
"20214","11290","성북구","70795747000","20097152000","1839731000","1325904000","9303166000","6113207000","3257367000","1709087000","6528549000","2712775000","17908809000"
"20214","11260","중랑구","59351068000","17236976000","1224742000","2019731000","10864311000","4241900000","2568549000","1909739000","3462656000","2494084000","13328380000"
"20214","11230","동대문구","84605930000","26055868000","2750162000","1784638000","21037130000","6770276000","2382925000","1437099000","4006571000","2093757000","16287504000"
"20214","11215","광진구","81262794000","18603466000","3506226000","2173629000","11746251000","5900470000","2922482000","3336150000","5254766000","4052419000","23766935000"
"20214","11200","성동구","79126138000","18831022000","2753687000","1690928000","11499334000","9283933000","3642907000","2137798000","4841145000","3719564000","20725820000"
"20214","11170","용산구","243734024000","122346553000","3097582000","17678898000","4762857000","3675874000","1354095000","2737812000","34768054000","28446178000","24866121000"
"20214","11140","중구","2403450402000","38108976000","8195504000","7965217000","12495692000","369920892000","24098564000","2112380000","1874974791000","37718755000","27859631000"
"20214","11110","종로구","345291403000","13498713000","11714450000","1810217000","19588752000","1874256000","2608535000","2868237000","182009873000","74441446000","34876924000"
"20213","11740","강동구","152414808000","23454735000","1714286000","1648926000","17198010000","3729150000","5446878000","1300170000","77311558000","3163875000","17447220000"
"20213","11710","송파구","170173659000","40450784000","5719630000","6270236000","34844535000","10806592000","9623146000","2407368000","22236703000","6967512000","30847153000"
"20213","11680","강남구","2187039143000","39645100000","19732086000","8981877000","125483480000","28143728000","31323057000","4929313000","1031301454000","837615401000","59883647000"
"20213","11650","서초구","520781246000","21967739000","3628800000","12096510000","62581319000","7366822000","12825222000","1939110000","196402679000","170857907000","31115138000"
"20213","11620","관악구","96343781000","29770535000","2181466000","1879696000","14006153000","2903311000","13508441000","2217067000","5342482000","4030287000","20504343000"
"20213","11590","동작구","148129505000","22865815000","739788000","1341978000","14851435000","80333102000","3985924000","1153261000","5504065000","2840125000","14514012000"
"20213","11560","영등포구","308583694000","28804500000","3465787000","2403201000","18040676000","153961188000","2864650000","1950560000","32570318000","35325967000","29196847000"
"20213","11545","금천구","105042039000","15912341000","11486385000","48130549000","7621683000","3531402000","1223522000","813296000","4462101000","1875404000","9985356000"
"20213","11530","구로구","1111721906000","25850180000","1171575000","2344333000","18588388000","3296000000","3395463000","1344679000","1038345438000","2516740000","14869110000"
"20213","11500","강서구","182233154000","33550571000","4679691000","2369380000","54969406000","17528126000","5719771000","1984394000","18065080000","17553591000","25813144000"
"20213","11470","양천구","273871559000","28174390000","1066843000","1580789000","16612381000","6507662000","12179523000","1157813000","188743025000","3104707000","14744426000"
"20213","11440","마포구","976339983000","28108930000","5466616000","3014163000","15467146000","3428418000","8169963000","3175443000","868819372000","7497502000","33192430000"
"20213","11410","서대문구","119722920000","15074465000","985025000","987993000","77744385000","2692091000","2899265000","838312000","2980098000","2734246000","12787040000"
"20213","11380","은평구","75823673000","22496557000","3432750000","2121287000","15547137000","4230961000","4158885000","1205952000","3994844000","3016521000","15618779000"
"20213","11350","노원구","101729334000","36566883000","1205272000","1844498000","14985174000","3707821000","7847913000","1413205000","11203281000","4122612000","18832675000"
"20213","11320","도봉구","43090890000","14692843000","570025000","1168656000","5843426000","4686393000","2145193000","711851000","2416350000","1538305000","9317848000"
"20213","11305","강북구","50752089000","15173725000","1358237000","1431103000","8972685000","3860876000","1386341000","1280029000","2878195000","2406530000","12004368000"
"20213","11290","성북구","67821028000","21558734000","1405531000","1380832000","8658562000","6119960000","3871763000","1030988000","5928550000","2568044000","15298064000"
"20213","11260","중랑구","56582018000","18155995000","906639000","1699683000","10467176000","4158467000","2545566000","1173259000","3481853000","2391032000","11602348000"
"20213","11230","동대문구","81240912000","27852972000","2043347000","1797865000","20590249000","6200838000","2372177000","842473000","3679206000","1968755000","13893030000"
"20213","11215","광진구","74577971000","20013995000","2856999000","2147781000","11101216000","5661045000","3029291000","1988937000","4827032000","3815836000","19135839000"
"20213","11200","성동구","71492554000","19855605000","1893771000","1755442000","10582723000","7801404000","3627726000","1379305000","4144714000","3220760000","17231104000"
"20213","11170","용산구","247057188000","133564330000","2094041000","20163363000","4649152000","3582886000","1203013000","1332988000","33764885000","28067696000","18634834000"
"20213","11140","중구","2123566170000","36607132000","5468500000","7322112000","11486435000","320267958000","19832087000","1257052000","1666613804000","33962597000","20748493000"
"20213","11110","종로구","314872242000","13043329000","10214278000","1427633000","18246124000","1028741000","5320226000","1566243000","166969369000","70380970000","26675329000"
"20212","11740","강동구","161357196000","20763589000","2221257000","1699708000","16981411000","3634650000","4802644000","1601914000","87799667000","3157291000","18695065000"
"20212","11710","송파구","173237398000","38083047000","7029471000","5644031000","34577258000","10630796000","8959526000","2992408000","23719326000","7090254000","34511281000"
"20212","11680","강남구","2120695056000","39183486000","22608945000","9012687000","126564332000","30608597000","27329390000","6815002000","973890582000","814764064000","69917971000"
"20212","11650","서초구","543655033000","21571688000","4385613000","12148189000","63326918000","7109527000","12112494000","2833603000","215309769000","168113936000","36743296000"
"20212","11620","관악구","97017559000","27249063000","2732730000","1734708000","13746006000","2617198000","13688991000","2723604000","5973223000","4053924000","22498112000"
"20212","11590","동작구","149182320000","21341786000","994091000","1266652000","14488404000","81218171000","3956693000","1481461000","5211864000","2927523000","16295675000"
"20212","11560","영등포구","339440941000","25997797000","4033787000","2564254000","17820723000","177716010000","2827964000","2692633000","35425929000","36056123000","34305721000"
"20212","11545","금천구","111311988000","14419744000","15389025000","49853688000","7543673000","3606136000","1254038000","1012335000","5150273000","1880273000","11202803000"
"20212","11530","구로구","901197831000","24745217000","1726580000","2330272000","20169742000","3180499000","3246595000","1829614000","824194379000","2778924000","16996009000"
"20212","11500","강서구","195887532000","30221180000","5340744000","2131783000","60147342000","22880916000","5554421000","2549320000","20995342000","17920467000","28146017000"
"20212","11470","양천구","288602756000","25740257000","1395236000","1460776000","16327255000","5895297000","10100705000","1386847000","207421052000","3182587000","15692744000"
"20212","11440","마포구","1075300352000","27169199000","6160861000","2803347000","15396002000","3301793000","7781172000","4657566000","960326195000","7885542000","39818675000"
"20212","11410","서대문구","125087335000","13593117000","1089659000","1243624000","81940212000","2656356000","3068247000","1153386000","3201561000","2729347000","14411826000"
"20212","11380","은평구","74609996000","19705140000","3822852000","1845461000","15676700000","4088676000","4081531000","1492968000","4303813000","3009878000","16582977000"
"20212","11350","노원구","103477374000","35893891000","1577182000","1622316000","14875427000","3363805000","6849318000","1842753000","12933924000","4019863000","20498895000"
"20212","11320","도봉구","42510768000","13421239000","768786000","1098684000","5788864000","4258388000","2100087000","876403000","2653118000","1463158000","10082041000"
"20212","11305","강북구","50190908000","13544617000","1703935000","1252826000","8674821000","3683083000","1357654000","1501680000","3255094000","2534066000","12683132000"
"20212","11290","성북구","67968262000","19844451000","1845674000","1317535000","8941999000","5764471000","3270703000","1336990000","6156886000","2443579000","17045974000"
"20212","11260","중랑구","56221254000","16599274000","1210114000","1430805000","10626825000","3995359000","2636443000","1387214000","3593634000","2370040000","12371546000"
"20212","11230","동대문구","79892156000","25628331000","2615600000","1613537000","20255924000","5602684000","2211023000","1069898000","3604162000","1941348000","15349649000"
"20212","11215","광진구","76725196000","18922141000","3423196000","2011558000","10702979000","5085786000","2938043000","2774204000","5398047000","4069149000","21400093000"
"20212","11200","성동구","74658823000","18507788000","2423273000","1525913000","10207083000","9037503000","3425854000","1822664000","4528665000","3387595000","19792485000"
"20212","11170","용산구","240154249000","124206992000","2326805000","20729803000","4507959000","4288938000","1322754000","1781640000","31253990000","28614507000","21120861000"
"20212","11140","중구","2138159448000","35864827000","6987040000","7216046000","12001220000","339445454000","20174521000","1744977000","1655646925000","34607907000","24470531000"
"20212","11110","종로구","313725296000","12971311000","12146313000","1344076000","18234647000","874820000","2926110000","2120819000","160383571000","71515955000","31207674000"
"20211","11740","강동구","160544450000","20310038000","1612455000","1564963000","15655127000","2796331000","4508645000","1420650000","93806435000","2726457000","16143349000"
"20211","11710","송파구","152988460000","36555687000","5807563000","5072423000","32131064000","9042077000","8018030000","2390560000","19194372000","6088298000","28688386000"
"20211","11680","강남구","2039240602000","35034687000","18789043000","9564950000","129378695000","31559835000","25806083000","5772602000","961824302000","762610673000","58899732000"
"20211","11650","서초구","522218413000","19326007000","3295372000","11735873000","62884557000","6422094000","11366984000","2521249000","209326405000","165269270000","30070602000"
"20211","11620","관악구","87993895000","25864847000","2055132000","1572375000","12670431000","2384625000","13337924000","2244138000","4789169000","3623256000","19451998000"
"20211","11590","동작구","129112366000","21097877000","753724000","1075495000","13302657000","68173919000","3374369000","1162748000","3814201000","2595850000","13761526000"
"20211","11560","영등포구","308364753000","25710543000","3070017000","2439978000","16309894000","163456816000","2759278000","2110323000","28333681000","35109626000","29064597000"
"20211","11545","금천구","87874008000","13408279000","13365406000","34319948000","6428074000","2851286000","1302218000","827957000","4024017000","1700036000","9646787000"
"20211","11530","구로구","863328342000","23708948000","1360388000","2079547000","18418835000","2779009000","3176251000","1433254000","793577420000","2488128000","14306562000"
"20211","11500","강서구","169003489000","29491915000","3741855000","2050646000","51761184000","18825347000","5250448000","2041937000","16757204000","15962498000","23120455000"
"20211","11470","양천구","274780726000","24783709000","1030427000","1225049000","15228439000","5275558000","9600263000","1125163000","200191247000","2931166000","13389705000"
"20211","11440","마포구","1034009167000","24224681000","4421042000","2849461000","13992016000","2803280000","7185098000","3303279000","935956140000","6712544000","32561626000"
"20211","11410","서대문구","109165000000","12717036000","843547000","954823000","71451672000","2153698000","2635536000","970167000","2697745000","2500978000","12239798000"
"20211","11380","은평구","66955061000","18785578000","2479665000","1692923000","14487052000","3848128000","3828773000","1314191000","3526121000","2740778000","14251852000"
"20211","11350","노원구","92961104000","33906237000","1137404000","1435663000","14130174000","2934259000","6585992000","1484773000","10806846000","3509732000","17030024000"
"20211","11320","도봉구","38482459000","12998299000","559157000","1084840000","5361416000","3732257000","2099530000","702715000","2143206000","1369591000","8431448000"
"20211","11305","강북구","44904206000","12926257000","1260229000","1338727000","7891465000","3096053000","1296607000","1386597000","2696349000","2246576000","10765346000"
"20211","11290","성북구","60954158000","18342573000","1309231000","1262842000","8147220000","5193569000","3753206000","1087129000","5505408000","2238748000","14114232000"
"20211","11260","중랑구","50560026000","15762714000","944085000","1352803000","9557871000","3470331000","2529342000","1157508000","3154570000","2155267000","10475535000"
"20211","11230","동대문구","73144541000","24259059000","1843113000","1315525000","20167950000","5069727000","2149734000","867748000","2870349000","1620946000","12980390000"
"20211","11215","광진구","65426326000","16964026000","2487965000","2049545000","9337855000","4565043000","2746401000","2015634000","4320905000","3406754000","17532198000"
"20211","11200","성동구","64429131000","17278649000","1718042000","1180684000","9591121000","8159312000","3229363000","1342071000","3275088000","2896817000","15757984000"
"20211","11170","용산구","227981885000","124617296000","1920382000","22150326000","4173796000","4627062000","1140827000","1194240000","23732548000","27949331000","16476077000"
"20211","11140","중구","2018888827000","32187715000","5501175000","6357946000","10726459000","281704463000","18578378000","1165093000","1613115700000","29982883000","19569015000"
"20211","11110","종로구","289596294000","10902345000","8866877000","1058620000","17064226000","874953000","6250797000","1562140000","156433580000","61673701000","24909055000"